ลําดับ,วันที่ตอบรับสมาชิก,รหัสสมาชิก,ชื่อสถานศึกษา,สังกัด,ตําบล/แขวง,อําเภอ /เขต,จังหวัด,รหัสไปรษณีย์
1,ปี 2542,7-50000-001,โรงเรียนกาวิละวิทยาลัย,สํานักงานเขตพื้นที่การศึกษามัธยมศึกษาเชียงใหม่,ตําบลท่าศาลา,อําเภอเมืองเชียงใหม่,เชียงใหม่,50000
2,ปี 2562,7-50000-002,โรงเรียนอนุบาลหนองป่าครั่ง,กรมส่งเสริมการปกครองท้องถิ่น,ตําบลหนองป่าครั่ง,อําเภอเมืองเชียงใหม่,เชียงใหม่,50000
3,ปี 2544,7-50000-003,โรงเรียนดาราวิทยาลัย,สำนักงานคณะกรรมการส่งเสริมการศึกษาเอกชน,ตําบลวัดเกต,อําเภอเมืองเชียงใหม่,เชียงใหม่,50000
4,ปี 2563,7-50000-004,โรงเรียนปรินส์รอแยลส์วิทยาลัย,สำนักงานคณะกรรมการส่งเสริมการศึกษาเอกชน,ตําบลวัดเกต,อําเภอเมืองเชียงใหม่,เชียงใหม่,50000
5,ปี 2563,7-50000-005,โรงเรียนกาวิละอนุกูล,สํานักบริหารงานการศึกษาพิเศษ,ตําบลวัดเกต,อําเภอเมืองเชียงใหม่,เชียงใหม่,50000
6,ปี 2568,7-50000-006,โรงเรียนจิตราวิทยา,สำนักงานคณะกรรมการส่งเสริมการศึกษาเอกชน,ตําบลวัดเกต,อําเภอเมืองเชียงใหม่,เชียงใหม่,50000
7,ปี 2568,7-50000-007,โรงเรียนพิงค์รัตน์,สำนักงานคณะกรรมการส่งเสริมการศึกษาเอกชน,ตําบลวัดเกตุ,อําเภอเมืองเชียงใหม่,เชียงใหม่,50000
8,ปี 2568,7-50000-008,โรงเรียนอนุบาลร่มเย็น,สำนักงานคณะกรรมการส่งเสริมการศึกษาเอกชน,ตําบลท่าศาลา,อําเภอเมืองเชียงใหม่,เชียงใหม่,50000
9,ปี 2568,7-50000-009,โรงเรียนสิริอันดา,สำนักงานคณะกรรมการส่งเสริมการศึกษาเอกชน,ตําบลหนองป่าครั่ง,อําเภอเมืองเชียงใหม่,เชียงใหม่,50000
10,ปี 2568,7-50000-010,โรงเรียนอนุบาลศรีชัยวัลย์,สำนักงานคณะกรรมการส่งเสริมการศึกษาเอกชน,ตําบลท่าศาลา,อําเภอเมืองเชียงใหม่,เชียงใหม่,50000
11,ปี 2568,7-50000-011,โรงเรียนท่าศาลา,สํานักงานเขตพื้นที่การศึกษาประถมศึกษาเชียงใหม่ เขต 1,ตําบลท่าศาลา,อําเภอเมืองเชียงใหม่,เชียงใหม่,50000
12,ปี 2568,7-50000-012,โรงเรียนขาลสุวรรณอนุสรณ์,สำนักงานคณะกรรมการส่งเสริมการศึกษาเอกชน,ตําบลวัดเกตุ,อําเภอเมืองเชียงใหม่,เชียงใหม่,50000
13,ปี 2568,7-50000-013,โรงเรียนวัดเมืองสาตร,สํานักงานเขตพื้นที่การศึกษาประถมศึกษาเชียงใหม่ เขต 1,ตําบลหนองหอย,อําเภอเมืองเชียงใหม่,เชียงใหม่,50000
14,ปี 2568,7-50000-014,โรงเรียนวัดดอนจั่น,สํานักงานเขตพื้นที่การศึกษาประถมศึกษาเชียงใหม่ เขต 1,ตําบลท่าศาลา,อําเภอเมืองเชียงใหม่,เชียงใหม่,50000
15,ปี 2568,7-50000-015,โรงเรียนวัดขะจาว,สํานักงานเขตพื้นที่การศึกษาประถมศึกษาเชียงใหม่ เขต 1,ตําบลฟ้าฮ่าม,อําเภอเมืองเชียงใหม่,เชียงใหม่,50000
16,ปี 2568,7-50000-016,โรงเรียนวัดหนองป่าครั่ง,สํานักงานเขตพื้นที่การศึกษาประถมศึกษาเชียงใหม่ เขต 1,ตําบลหนองป่าครั่ง,อําเภอเมืองเชียงใหม่,เชียงใหม่,50000
17,ปี 2568,7-50000-017,โรงเรียนอนุบาลหนองป่าครั่ง 2,กรมส่งเสริมการปกครองท้องถิ่น,ตําบลหนองป่าครั่ง,อําเภอเมืองเชียงใหม่,เชียงใหม่,50000
18,ปี 2568,7-50000-018,โรงเรียนวัดเสาหิน,สํานักงานเขตพื้นที่การศึกษาประถมศึกษาเชียงใหม่ เขต 1,ตําบลหนองหอย,อําเภอเมืองเชียงใหม่,เชียงใหม่,50000
19,ปี 2568,7-50000-019,โรงเรียนสารสาสน์วิเทศเชียงใหม่,สำนักงานคณะกรรมการส่งเสริมการศึกษาเอกชน,ตําบลท่าศาลา,อําเภอเมืองเชียงใหม่,เชียงใหม่,50000
20,ปี 2544,7-50100-001,โรงเรียนวัฒโนทัยพายัพ,สํานักงานเขตพื้นที่การศึกษามัธยมศึกษาเชียงใหม่,ตําบลหายยา,อําเภอเมืองเชียงใหม่,เชียงใหม่,50100
21,ปี 2568,7-50100-002,โรงเรียนอนุบาลไชยโรจน์สิริล,สำนักงานคณะกรรมการส่งเสริมการศึกษาเอกชน,ตําบลหายยา,อําเภอเมืองเชียงใหม่,เชียงใหม่,50100
22,ปี 2568,7-50100-003,โรงเรียนอนุบาลมยุรี,สำนักงานคณะกรรมการส่งเสริมการศึกษาเอกชน,ตําบลแม่เหียะ,อําเภอเมืองเชียงใหม่,เชียงใหม่,50100
23,ปี 2568,7-50100-004,โรงเรียนอนุบาลสวนเด็กเชียงใหม่,สำนักงานคณะกรรมการส่งเสริมการศึกษาเอกชน,ตําบลช้างคลาน,อําเภอเมืองเชียงใหม่,เชียงใหม่,50100
24,ปี 2568,7-50100-005,โรงเรียนวิชัยวิทยา,สำนักงานคณะกรรมการส่งเสริมการศึกษาเอกชน,ตําบลช้างคลาน,อําเภอเมืองเชียงใหม่,เชียงใหม่,50100
25,ปี 2568,7-50100-006,โรงเรียนมงฟอร์ตวิทยาลัย แผนกประถม,สำนักงานคณะกรรมการส่งเสริมการศึกษาเอกชน,ตําบลช้างคลาน,อําเภอเมืองเชียงใหม่,เชียงใหม่,50100
26,ปี 2568,7-50100-007,โรงเรียนเรยีนาเชลีวิทยาลัย,สำนักงานคณะกรรมการส่งเสริมการศึกษาเอกชน,ตําบลช้างคลาน,อําเภอเมืองเชียงใหม่,เชียงใหม่,50100
27,ปี 2568,7-50100-008,โรงเรียนเทศบาลวัดศรีปิงเมือง,กรมส่งเสริมการปกครองท้องถิ่น,ตําบลช้างคลาน,อําเภอเมืองเชียงใหม่,เชียงใหม่,50100
28,ปี 2568,7-50100-009,โรงเรียนเทศบาลวัดศรีดอนไชย,กรมส่งเสริมการปกครองท้องถิ่น,ตําบลช้างคลาน,อําเภอเมืองเชียงใหม่,เชียงใหม่,50100
29,ปี 2568,7-50100-010,โรงเรียนอนุบาลเทศบาลตําบลป่าแดด,กรมส่งเสริมการปกครองท้องถิ่น,ตําบลปาแดด,อําเภอเมืองเชียงใหม่,เชียงใหม่,50100
30,ปี 2568,7-50100-011,วิทยาลัยอาชีวศึกษาจันทร์ระวี,สํานักงานคณะกรรมการการอาชีวศึกษา,ตําบลแม่เหียะ,อําเภอเมืองเชียงใหม่,เชียงใหม่,50100
31,ปี 2568,7-50100-012,วิทยาลัยเทคโนโลยีเมโทร,สํานักงานคณะกรรมการการอาชีวศึกษา,ตําบลช้างคลาน,อําเภอเมืองเชียงใหม่,เชียงใหม่,50100
32,ปี 2568,7-50100-013,วิทยาลัยเทคโนโลยีพาณิชยการเชียงใหม่,สํานักงานคณะกรรมการการอาชีวศึกษา,ตําบลช้างคลาน,อําเภอเมืองเชียงใหม่,เชียงใหม่,50100
33,ปี 2568,7-50100-014,โรงเรียนวัดป่าแดด,สํานักงานเขตพื้นที่การศึกษาประถมศึกษาเชียงใหม่ เขต 1,ตําบลป่าแดด,อําเภอเมืองเชียงใหม่,เชียงใหม่,50100
34,ปี 2568,7-50100-015,โรงเรียนบ้านแม่เหียะสามัคคี,สํานักงานเขตพื้นที่การศึกษาประถมศึกษาเชียงใหม่ เขต 1,ตําบลแม่เหียะ,อําเภอเมืองเชียงใหม่,เชียงใหม่,50100
35,ปี 2568,7-50100-016,โรงเรียนอนุบาลเทศบาลเมืองแม่เหียะ,กรมส่งเสริมการปกครองท้องถิ่น,ตําบลแม่เหียะ,อําเภอเมืองเชียงใหม่,เชียงใหม่,50100
36,ปี 2568,7-50100-017,โรงเรียนเทศบาลวัดพวกช้าง,กรมส่งเสริมการปกครองท้องถิ่น,ตําบลหายยา,อําเภอเมืองเชียงใหม่,เชียงใหม่,50100
37,ปี 2568,7-50100-018,โรงเรียนเทศบาลวัดเชียงยืน,กรมส่งเสริมการปกครองท้องถิ่น,ตําบลศรีภูมิ,อําเภอเมืองเชียงใหม่,เชียงใหม่,50100
38,ปี 2568,7-50100-019,โรงเรียนศิริมังคลาจารย์,สํานักงานเขตพื้นที่การศึกษาประถมศึกษาเชียงใหม่ เขต 1,ตําบลแม่เหียะ,อําเภอเมืองเชียงใหม่,เชียงใหม่,50100
39,ปี 2568,7-50100-020,โรงเรียนเทศบาลวัดศรีสุพรรณ,กรมส่งเสริมการปกครองท้องถิ่น,ตําบลหายยา,อําเภอเมืองเชียงใหม่,เชียงใหม่,50100
40,ปี 2544,7-50110-001,โรงเรียนรัตนาเอื้อวิทยา,สำนักงานคณะกรรมการส่งเสริมการศึกษาเอกชน,ตําบลแม่สูน,อําเภอฝาง,เชียงใหม่,50110
41,ปี 2555,7-50110-002,โรงเรียนฝางชนูปถัมภ์,สํานักงานเขตพื้นที่การศึกษามัธยมศึกษาเชียงใหม่,ตําบลสันทราย,อําเภอฝาง,เชียงใหม่,50110
42,ปี 2555,7-50110-003,โรงเรียนบ้านม่วงชุม,สํานักงานเขตพื้นที่การศึกษาประถมศึกษาเชียงใหม่ เขต 3,ตําบลม่อนปิ่น,อําเภอฝาง,เชียงใหม่,50110
43,ปี 2559,7-50110-004,วิทยาลัยการอาชีพฝาง,สํานักงานคณะกรรมการการอาชีวศึกษา,ตําบลแม่สูน,อําเภอฝาง,เชียงใหม่,50110
44,ปี 2560,7-50110-005,โรงเรียนบ้านเหมืองแร่,สํานักงานเขตพื้นที่การศึกษาประถมศึกษาเชียงใหม่ เขต 3,ตําบลแม่คะ,อําเภอฝาง,เชียงใหม่,50110
45,ปี 2560,7-50110-006,โรงเรียนบ้านห้วยไคร้ (ฝาง),สํานักงานเขตพื้นที่การศึกษาประถมศึกษาเชียงใหม่ เขต 3,ตําบลแม่คะ,อําเภอฝาง,เชียงใหม่,50110
46,ปี 2560,7-50110-007,โรงเรียนบ้านโป่งนก,สํานักงานเขตพื้นที่การศึกษาประถมศึกษาเชียงใหม่ เขต 3,ตําบลแม่คะ,อําเภอฝาง,เชียงใหม่,50110
47,ปี 2560,7-50110-008,โรงเรียนบ้านแม่คะ,สํานักงานเขตพื้นที่การศึกษาประถมศึกษาเชียงใหม่ เขต 3,ตําบลแม่คะ,อําเภอฝาง,เชียงใหม่,50110
48,ปี 2560,7-50110-009,โรงเรียนบ้านปางปอย,สํานักงานเขตพื้นที่การศึกษาประถมศึกษาเชียงใหม่ เขต 3,ตําบลแม่คะ,อําเภอฝาง,เชียงใหม่,50110
49,ปี 2560,7-50110-010,โรงเรียนบ้านสันทรายคองน้อย,สํานักงานเขตพื้นที่การศึกษาประถมศึกษาเชียงใหม่ เขต 3,ตําบลเวียง,อําเภอฝาง,เชียงใหม่,50110
50,ปี 2560,7-50110-011,โรงเรียนบ้านโป่งน้ำร้อน,สํานักงานเขตพื้นที่การศึกษาประถมศึกษาเชียงใหม่ เขต 3,ตําบลโป่งน้ำร้อน,อําเภอฝาง,เชียงใหม่,50110
51,ปี 2560,7-50110-012,โรงเรียนเทศบาลเวียงฝาง,กรมส่งเสริมการปกครองท้องถิ่น,ตําบลเวียง,อําเภอฝาง,เชียงใหม่,50110
52,ปี 2560,7-50110-013,โรงเรียนบ้านสันป่าแดง,สํานักงานเขตพื้นที่การศึกษาประถมศึกษาเชียงใหม่ เขต 3,ตําบลแม่สูน,อําเภอฝาง,เชียงใหม่,50110
53,ปี 2567,7-50110-014,โรงเรียนบ้านหัวนา,สํานักงานเขตพื้นที่การศึกษาประถมศึกษาเชียงใหม่ เขต 3,ตําบลม่อนปิ่น,อําเภอฝาง,เชียงใหม่,50110
54,ปี 2562,7-50110-015,โรงเรียนอนุบาลเทศบาลสันทราย,กรมส่งเสริมการปกครองท้องถิ่น,ตําบลสันทราย,อําเภอสันทราย,เชียงใหม่,50110
55,ปี 2562,7-50110-016,โรงเรียนวัดศรีบุญเรือง,สํานักงานเขตพื้นที่การศึกษาประถมศึกษาเชียงใหม่ เขต 3,ตําบลสันทราย,อําเภอฝาง,เชียงใหม่,50110
56,ปี 2563,7-50110-017,โรงเรียนบ้านแม่สูนน้อย,สํานักงานเขตพื้นที่การศึกษาประถมศึกษาเชียงใหม่ เขต 3,ตําบลแม่สูน,อําเภอฝาง,เชียงใหม่,50110
57,ปี 2563,7-50110-018,โรงเรียนบ้านแม่สูนหลวง,สํานักงานเขตพื้นที่การศึกษาประถมศึกษาเชียงใหม่ เขต 3,ตําบลแม่สูน,อําเภอฝาง,เชียงใหม่,50110
58,ปี 2563,7-50110-019,โรงเรียนบ้านหนองยาว,สํานักงานเขตพื้นที่การศึกษาประถมศึกษาเชียงใหม่ เขต 3,ตําบลแม่สูน,อําเภอฝาง,เชียงใหม่,50110
59,ปี 2563,7-50110-020,ศูนย์ส่งเสริมการเรียนรู้ระดับอําเภอฝาง,สํานักงานส่งเสริมการเรียนรู้ประจําจังหวัดเชียงใหม่ (สกร.),ตําบลเวียง,อําเภอฝาง,เชียงใหม่,50110
60,ปี 2563,7-50110-021,โรงเรียนบ้านล้องอ้อ,กรมส่งเสริมการปกครองท้องถิ่น,ตําบลแม่สูน,อําเภอฝาง,เชียงใหม่,50110
61,ปี 2567,7-50110-022,โรงเรียนสายอักษร,สำนักงานคณะกรรมการส่งเสริมการศึกษาเอกชน,ตําบลเวียง,อําเภอฝาง,เชียงใหม่,50110
62,ปี 2568,7-50110-023,โรงเรียนรังษีวิทยา,สำนักงานคณะกรรมการส่งเสริมการศึกษาเอกชน,ตําบลเวียง,อําเภอฝาง,เชียงใหม่,50110
63,ปี 2568,7-50110-024,โรงเรียนอนุบาลสายอักษร,สำนักงานคณะกรรมการส่งเสริมการศึกษาเอกชน,ตําบลเวียง,อําเภอฝาง,เชียงใหม่,50110
64,ปี 2568,7-50110-025,โรงเรียนบ้านเวียงหวาย,สํานักงานเขตพื้นที่การศึกษาประถมศึกษาเชียงใหม่ เขต 3,ตําบลม่อนปิ่น,อําเภอฝาง,เชียงใหม่,50110
65,ปี 2568,7-50110-026,โรงเรียนบ้านห้วยงูกลาง,สํานักงานเขตพื้นที่การศึกษาประถมศึกษาเชียงใหม่ เขต 3,ตําบลสันทราย,อําเภอฝาง,เชียงใหม่,50110
66,ปี 2568,7-50110-027,โรงเรียนบ้านห้วยบอน,สํานักงานเขตพื้นที่การศึกษาประถมศึกษาเชียงใหม่ เขต 3,ตําบลเวียง,อําเภอฝาง,เชียงใหม่,50110
67,ปี 2569,7-50110-028,โรงเรียนบ้านเวียงฝาง,สํานักงานเขตพื้นที่การศึกษาประถมศึกษาเชียงใหม่ เขต 3,ตําบลเวียง,อําเภอฝาง,เชียงใหม่,50110
68,ปี 2569,7-50110-029,โรงเรียนบ้านสันทราย,สํานักงานเขตพื้นที่การศึกษาประถมศึกษาเชียงใหม่ เขต 3,ตําบลสันทราย,อําเภอฝาง,เชียงใหม่,50110
69,ปี 2568,7-50110-033/01-ตชด.,โรงเรียนตํารวจตระเวนชายแดนอาโอยาม่า,กองกํากับการตํารวจตระเวนชายแดนที่ 33,ตําบลม่อนปิ่น,อําเภอฝาง,เชียงใหม่,50110
70,ปี 2555,7-50120-001,โรงเรียนเทพศิรินทร์เชียงใหม่,สํานักงานเขตพื้นที่การศึกษามัธยมศึกษาเชียงใหม่,ตําบลนน้ำบ่อหลวง,อําเภอสันป่าตอง,เชียงใหม่,50120
71,ปี 2558,7-50120-002,โรงเรียนกิ่วแลน้อยประสิทธิ์วิทยา,สํานักงานเขตพื้นที่การศึกษาประถมศึกษาเชียงใหม่ เขต 4,ตําบลบ้านแม,อําเภอสันป่าตอง,เชียงใหม่,50120
72,ปี 2562,7-50120-003,โรงเรียนสันป่าตองวิทยาคม,สํานักงานเขตพื้นที่การศึกษามัธยมศึกษาเชียงใหม่,ตําบลยุหว่า,อําเภอสันป่าตอง,เชียงใหม่,50120
73,ปี 2565,7-50120-004,วิทยาลัยเกษตรและเทคโนโลยีเชียงใหม่,สํานักงานคณะกรรมการการอาชีวศึกษา,ตําบลบ้านกลาง,อําเภอสันป่าตอง,เชียงใหม่,50120
74,ปี 2565,7-50120-005,ศูนย์ส่งเสริมการเรียนรู้ระดับอําเภอสันป่าตอง,สํานักงานส่งเสริมการเรียนรู้ประจําจังหวัดเชียงใหม่ (สกร.),ตําบลยุหว่า,อําเภอสันป่าตอง,เชียงใหม่,50120
75,ปี 2568,7-50120-006,โรงเรียนวิมานทิพย์,สำนักงานคณะกรรมการส่งเสริมการศึกษาเอกชน,ตําบลสันกลาง,อําเภอสันป่าตอง,เชียงใหม่,50120
76,ปี 2568,7-50120-007,โรงเรียนวัดอุเม็ง,สํานักงานเขตพื้นที่การศึกษาประถมศึกษาเชียงใหม่ เขต 4,ตําบลยุหว่า,อําเภอสันป่าตอง,เชียงใหม่,50120
77,ปี 2568,7-50120-008,โรงเรียนวัดกู่คํา (เมธาวิสัยคณาทร),สํานักงานเขตพื้นที่การศึกษาประถมศึกษาเชียงใหม่ เขต 4,ตําบลยุหว่า,อําเภอสันป่าตอง,เชียงใหม่,50120
78,ปี 2568,7-50120-009,โรงเรียนชุมชนกิ่วแลหลวงประสิทธิ์วิทยา,สํานักงานเขตพื้นที่การศึกษาประถมศึกษาเชียงใหม่ เขต 4,ตําบลยุหว่า,อําเภอสันป่าตอง,เชียงใหม่,50120
79,ปี 2568,7-50120-010,โรงเรียนอนุบาลตําบลทุ่งสะโตก,กรมส่งเสริมการปกครองท้องถิ่น,ตําบลทุ่งสะโตก,อําเภอสันป่าตอง,เชียงใหม่,50120
80,ปี 2568,7-50120-011,โรงเรียนอนุบาลองคการบริหารส่วนตําบลน้ำบ่อหลวง,กรมส่งเสริมการปกครองท้องถิ่น,ตําบลน้ำบ่อหลวง,อําเภอสันป่าตอง,เชียงใหม่,50120
81,ปี 2556,7-50130-001,โรงเรียนแม่ตะไคร้,สํานักงานเขตพื้นที่การศึกษาประถมศึกษาเชียงใหม่ เขต 1,ตําบลทาเหนือ,อําเภอแม่ออน,เชียงใหม่,50130
82,ปี 2556,7-50130-002,โรงเรียนแม่ออนวิทยาลัย,สํานักงานเขตพื้นที่การศึกษามัธยมศึกษาเชียงใหม่,ตําบลดอนกลาง,อําเภอแม่ออน,เชียงใหม่,50130
83,ปี 2558,7-50130-003,โรงเรียนสวนเด็กสันกําแพง,สำนักงานคณะกรรมการส่งเสริมการศึกษาเอกชน,ตําบลแม่ปูคา,อําเภอสันกําแพง,เชียงใหม่,50130
84,ปี 2559,7-50130-004,โรงเรียนอนุบาลองค์การบริหารส่วนตําบลห้วยแก้ว,กรมส่งเสริมการปกครองท้องถิ่น,ตําบลห้วยแก้ว,อําเภอแม่ออน,เชียงใหม่,50130
85,ปี 2562,7-50130-005,โรงเรียนบ้านบวกค้าง,สํานักงานเขตพื้นที่การศึกษาประถมศึกษาเชียงใหม่ เขต 1,ตําบลบวกค้าง,อําเภอสันกําแพง,เชียงใหม่,50130
86,ปี 2562,7-50130-006,โรงเรียนสันกําแพงคันธาอนุสรณ์,สํานักงานเขตพื้นที่การศึกษาประถมศึกษาเชียงใหม่ เขต 1,ตําบลสันกําแพง,อําเภอสันกําแพง,เชียงใหม่,50130
87,ปี 2562,7-50130-007,ศูนย์ส่งเสริมการเรียนรู้ระดับอําเภอสันกําแพง,สํานักงานส่งเสริมการเรียนรู้ประจําจังหวัดเชียงใหม่ (สกร.),ตําบลสันกําแพง,อําเภอสันกําแพง,เชียงใหม่,50130
88,ปี 2563,7-50130-008,โรงเรียนอนุบาลเทศบาลตําบลบวกค้าง,กรมส่งเสริมการปกครองท้องถิ่น,ตําบลบวกค้าง,อําเภอสันกําแพง,เชียงใหม่,50130
89,ปี 2563,7-50130-009,โรงเรียนวัดสันมะฮกฟ้า,สํานักงานเขตพื้นที่การศึกษาประถมศึกษาเชียงใหม่ เขต 1,ตําบลต้นเปา,อําเภอสันกําแพง,เชียงใหม่,50130
90,ปี 2563,7-50130-010,ศูนย์ส่งเสริมการเรียนรู้ระดับอําเภอแม่ออน,สํานักงานส่งเสริมการเรียนรู้ประจําจังหวัดเชียงใหม่ (สกร.),ตําบลออนกลาง,อําเภอแม่ออน,เชียงใหม่,50130
91,ปี 2563,7-50130-011,โรงเรียนวัดสันป่าค่า,สํานักงานเขตพื้นที่การศึกษาประถมศึกษาเชียงใหม่ เขต 1,ตําบลต้นเปา,อําเภอสันกําแพง,เชียงใหม่,50130
92,ปี 2567,7-50130-012,วิทยาลัยเทคนิคสันกําแพง,สํานักงานคณะกรรมการการอาชีวศึกษา,ตําบลสหกรณ,อําเภอแม่ออน,เชียงใหม่,50130
93,ปี 2568,7-50130-013,โรงเรียนวัดห้วยแก้ว,สํานักงานเขตพื้นที่การศึกษาประถมศึกษาเชียงใหม่ เขต 1,ตําบลห้วยแก้ว,อําเภอแม่ออน,เชียงใหม่,50130
94,ปี 2568,7-50130-014,โรงเรียนอนุบาลแม่บัวคลี่,สำนักงานคณะกรรมการส่งเสริมการศึกษาเอกชน,ตําบลสันกําแพง,อําเภอสันกําแพง,เชียงใหม่,50130
95,ปี 2568,7-50130-015,โรงเรียนอนุบาลร่มแก้ว,สำนักงานคณะกรรมการส่งเสริมการศึกษาเอกชน,ตําบลต้นเปา,อําเภอสันกําแพง,เชียงใหม่,50130
96,ปี 2568,7-50130-016,โรงเรียนอนุบาลสุขประเสริฐ,สำนักงานคณะกรรมการส่งเสริมการศึกษาเอกชน,ตําบลสันกําแพง,อําเภอสันกําแพง,เชียงใหม่,50130
97,ปี 2568,7-50130-017,โรงเรียนอนุบาลไผ่แก้ว,สำนักงานคณะกรรมการส่งเสริมการศึกษาเอกชน,ตําบลแช่ช้าง,อําเภอสันกําแพง,เชียงใหม่,50130
98,ปี 2568,7-50130-018,โรงเรียนสันกําแพง,สํานักงานเขตพื้นที่การศึกษามัธยมศึกษาเชียงใหม่,ตําบลทรายมูล,อําเภอสันกําแพง,เชียงใหม่,50130
99,ปี 2568,7-50130-019,โรงเรียนวัดบ้านน้อย,สํานักงานเขตพื้นที่การศึกษาประถมศึกษาเชียงใหม่ เขต 1,ตําบลสันกําแพง,อําเภอสันกําแพง,เชียงใหม่,50130
100,ปี 2568,7-50130-020,โรงเรียนทาเหนือวิทยา,สํานักงานเขตพื้นที่การศึกษาประถมศึกษาเชียงใหม่ เขต 1,ตําบลทาเหนือ,อําเภอแม่ออน,เชียงใหม่,50130
101,ปี 2568,7-50130-021,โรงเรียนบ้านผาปูน,สํานักงานเขตพื้นที่การศึกษาประถมศึกษาเชียงใหม่ เขต 5,ตําบลอมก๋อย,อําเภออมก๋อย,เชียงใหม่,50130
102,ปี 2568,7-50130-022,โรงเรียนวัดเปาสามขา,สํานักงานเขตพื้นที่การศึกษาประถมศึกษาเชียงใหม่ เขต 1,ตําบลออนกลาง,อําเภอแม่ออน,เชียงใหม่,50130
103,ปี 2568,7-50130-023,โรงเรียนบ้านออนหลวย,สํานักงานเขตพื้นที่การศึกษาประถมศึกษาเชียงใหม่ เขต 1,ตําบลออนเหนือ,อําเภอแม่ออน,เชียงใหม่,50130
104,ปี 2568,7-50130-024,โรงเรียนวัดสันกลางเหนือ,สํานักงานเขตพื้นที่การศึกษาประถมศึกษาเชียงใหม่ เขต 1,ตําบลสันกลาง,อําเภอสันกําแพง,เชียงใหม่,50130
105,ปี 2568,7-50130-025,โรงเรียนออนใต้วิทยา,สํานักงานเขตพื้นที่การศึกษาประถมศึกษาเชียงใหม่ เขต 1,ตําบลออนใต,อําเภอสันกําแพง,เชียงใหม่,50130
106,ปี 2568,7-50130-026,โรงเรียนวัดห้วยทราย,สํานักงานเขตพื้นที่การศึกษาประถมศึกษาเชียงใหม่ เขต 1,ตําบลแม่ทา,อําเภอแม่ออน,เชียงใหม่,50130
107,ปี 2568,7-50130-027,โรงเรียนวัดดอนชัย,สํานักงานเขตพื้นที่การศึกษาประถมศึกษาเชียงใหม่ เขต 1,ตําบลแม่ทา,อําเภอแม่ออน,เชียงใหม่,50130
108,ปี 2568,7-50130-028,โรงเรียนอนุบาลเทศบาลตําบลสันกําแพง,กรมส่งเสริมการปกครองท้องถิ่น,ตําบลสันกําแพง,อําเภอสันกําแพง,เชียงใหม่,50130
109,ปี 2568,7-50130-029,โรงเรียนอนุบาลองค์การบริหาส่วนตำบลร้องวัวแดง,กรมส่งเสริมการปกครองท้องถิ่น,ตําบลร้องวัวแดง,อําเภอสันกําแพง,เชียงใหม่,50130
110,ปี 2568,7-50130-030,โรงเรียนบ้านแม่ปูคา,สํานักงานเขตพื้นที่การศึกษาประถมศึกษาเชียงใหม่ เขต 1,ตําบลแม่ปูคา,อําเภอสันกําแพง,เชียงใหม่,50130
111,ปี 2568,7-50130-031,โรงเรียนบ้านบ่อสร้างนรากรประสาท,สํานักงานเขตพื้นที่การศึกษาประถมศึกษาเชียงใหม่ เขต 1,ตําบลต้นเปา,อําเภอสันกําแพง,เชียงใหม่,50130
112,ปี 2568,7-50130-032,โรงเรียนวัดร้องวัวแดงศรีจันทร์วิทยาคาร,สํานักงานเขตพื้นที่การศึกษาประถมศึกษาเชียงใหม่ เขต 1,ตําบลร้องวัวแดง,อําเภอสันกําแพง,เชียงใหม่,50130
113,ปี 2568,7-50130-033,โรงเรียนบ้านกอสะเลียม,สํานักงานเขตพื้นที่การศึกษาประถมศึกษาเชียงใหม่ เขต 1,ตําบลบวกค้าง,อําเภอสันกําแพง,เชียงใหม่,50130
114,ปี 2562,7-50140-001,ศูนย์ส่งเสริมการเรียนรู้ระดับอําเภอสารภี,สํานักงานส่งเสริมการเรียนรู้ประจําจังหวัดเชียงใหม่ (สกร.),ตําบลสารภี,อําเภอสารภี,เชียงใหม่,50140
115,ปี 2562,7-50140-002,โรงเรียนเวียงเศรษฐีวิทยา,สํานักงานเขตพื้นที่การศึกษาประถมศึกษาเชียงใหม่ เขต 4,ตําบลหนองแฝก,อําเภอสารภี,เชียงใหม่,50140
116,ปี 2565,7-50140-003,วิทยาลัยเทคนิคสารภี,สํานักงานคณะกรรมการการอาชีวศึกษา,ตําบลหนองผึ้ง,อําเภอสารภี,เชียงใหม่,50140
117,ปี 2568,7-50140-004,โรงเรียนวชิราลัย,สำนักงานคณะกรรมการส่งเสริมการศึกษาเอกชน,ตําบลหนองผึ้ง,อําเภอสารภี,เชียงใหม่,50140
118,ปี 2568,7-50140-005,โรงเรียนนานาชาติยูนิตี้ คอนคอร์ด,สำนักงานคณะกรรมการส่งเสริมการศึกษาเอกชน,ตําบลหนองผึ้ง,อําเภอสารภี,เชียงใหม่,50140
119,ปี 2568,7-50140-006,โรงเรียนนานาชาติอเมริกาน่า ไซนีส,สำนักงานคณะกรรมการส่งเสริมการศึกษาเอกชน,ตําบลหนองผึ้ง,อําเภอสารภี,เชียงใหม่,50140
120,ปี 2568,7-50140-007,โรงเรียนยุวฑูตศึกษาพัฒนา,สำนักงานคณะกรรมการส่งเสริมการศึกษาเอกชน,ตําบลหนองหอย,อําเภอสารภี,เชียงใหม่,50140
121,ปี 2568,7-50140-008,โรงเรียนอนุบาลดวงกมล,สำนักงานคณะกรรมการส่งเสริมการศึกษาเอกชน,ตําบลชมภู,อําเภอสารภี,เชียงใหม่,50140
122,ปี 2568,7-50140-009,โรงเรียนอนุบาลพิมมาลา,สำนักงานคณะกรรมการส่งเสริมการศึกษาเอกชน,ตําบลยางเนิ้ง,อําเภอสารภี,เชียงใหม่,50140
123,ปี 2568,7-50140-010,โรงเรียนอนุบาลสุปราณี,สำนักงานคณะกรรมการส่งเสริมการศึกษาเอกชน,ตําบลยางเนิ้ง,อําเภอสารภี,เชียงใหม่,50140
124,ปี 2568,7-50140-011,โรงเรียนอนุบาลบ้านสวนพิมพรรณ,สำนักงานคณะกรรมการส่งเสริมการศึกษาเอกชน,ตําบลยางเนิ้ง,อําเภอสารภี,เชียงใหม่,50140
125,ปี 2568,7-50140-012,โรงเรียนอนุบาลสุรีย์วรรณ,สำนักงานคณะกรรมการส่งเสริมการศึกษาเอกชน,ตําบลไชยสถาน,อําเภอสารภี,เชียงใหม่,50140
126,ปี 2568,7-50140-013,โรงเรียนสารภีพิทยาคม,สํานักงานเขตพื้นที่การศึกษามัธยมศึกษาเชียงใหม่,ตําบลยางเนิ้ง,อําเภอสารภี,เชียงใหม่,50140
127,ปี 2568,7-50140-014,โรงเรียนอนุบาลวรานีกูล,สำนักงานคณะกรรมการส่งเสริมการศึกษาเอกชน,ตําบลยางเนิ้ง,อําเภอสารภี,เชียงใหม่,50140
128,ปี 2568,7-50140-015,โรงเรียนวัดบวกครกเหนือ,สํานักงานเขตพื้นที่การศึกษาประถมศึกษาเชียงใหม่ เขต 4,ตําบลท่าวังตาล,อําเภอสารภี,เชียงใหม่,50140
129,ปี 2568,7-50140-016,โรงเรียนเทศบาลตําบลยางเนิ้ง,กรมส่งเสริมการปกครองท้องถิ่น,ตําบลยางเนิ้ง,อําเภอสารภี,เชียงใหม่,50140
130,ปี 2568,7-50140-017,โรงเรียนอนุบาลเทศบาลตําบลชมภู,กรมส่งเสริมการปกครองท้องถิ่น,ตําบลชมภู,อําเภอสารภี,เชียงใหม่,50140
131,ปี 2568,7-50140-018,โรงเรียนสีบนทีธรรม,สำนักงานคณะกรรมการส่งเสริมการศึกษาเอกชน,ตําบลท่าวังตาล,อําเภอสารภี,เชียงใหม่,50140
132,ปี 2541,7-50150-001,โรงเรียนแม่หอพระวิทยาคม,สํานักงานเขตพื้นที่การศึกษามัธยมศึกษาเชียงใหม่,ตําบลแม่หอพระ,อําเภอแม่แตง,เชียงใหม่,50150
133,ปี 2553,7-50150-002,โรงเรียนป่าแป๋วิทยา,สํานักงานเขตพื้นที่การศึกษาประถมศึกษาเชียงใหม่ เขต 2,ตําบลป่าแป,อําเภอแม่แตง,เชียงใหม่,50150
134,ปี 2553,7-50150-003,โรงเรียนบ้านช้างใน,สํานักงานเขตพื้นที่การศึกษาประถมศึกษาเชียงใหม่ เขต 2,ตําบลบ้านช้าง,อําเภอแม่แตง,เชียงใหม่,50150
135,ปี 2555,7-50150-004,โรงเรียนบ้านบวกหมื้อ,สํานักงานเขตพื้นที่การศึกษาประถมศึกษาเชียงใหม่ เขต 2,ตําบลขี้เหล็ก,อําเภอแม่แตง,เชียงใหม่,50150
136,ปี 2556,7-50150-005,โรงเรียนบ้านแม่ตะมาน,สํานักงานเขตพื้นที่การศึกษาประถมศึกษาเชียงใหม่ เขต 2,ตําบลกื้ดช้าง,อําเภอแม่แตง,เชียงใหม่,50150
137,ปี 2562,7-50150-006,โรงเรียนเทศบาลตําบลสันมหาพน,กรมส่งเสริมการปกครองท้องถิ่น,ตําบลสันหาพน,อําเภอแม่แตง,เชียงใหม่,50150
138,ปี 2562,7-50150-007,ศูนย์ส่งเสริมการเรียนรู้ระดับอําเภอดอยเต่า,สํานักงานส่งเสริมการเรียนรู้ประจําจังหวัดเชียงใหม่ (สกร.),ตําบลท่าเดื่อ,อําเภอดอยเต่า,เชียงใหม่,50150
139,ปี 2562,7-50150-008,ศูนย์ส่งเสริมการเรียนรู้ระดับอําเภอแม่แตง,สํานักงานส่งเสริมการเรียนรู้ประจําจังหวัดเชียงใหม่ (สกร.),ตําบลสันมหาพน,อําเภอแม่แตง,เชียงใหม่,50150
140,ปี 2562,7-50150-009,โรงเรียนชุมชนวัดช่อแล,สํานักงานเขตพื้นที่การศึกษาประถมศึกษาเชียงใหม่ เขต 2,ตําบลช่อแล,อําเภอแม่แตง,เชียงใหม่,50150
141,ปี 2562,7-50150-010,โรงเรียนแม่แตง,สํานักงานเขตพื้นที่การศึกษามัธยมศึกษาเชียงใหม่,ตําบลสันมหาพน,อําเภอแม่แตง,เชียงใหม่,50150
142,ปี 2562,7-50150-011,โรงเรียนป่าจี้แดงวิทยา,สํานักงานเขตพื้นที่การศึกษาประถมศึกษาเชียงใหม่ เขต 2,ตําบลอินทขิล,อําเภอแม่แตง,เชียงใหม่,50150
143,ปี 2563,7-50150-012,โรงเรียนบ้านทุ่งหลวง,สํานักงานเขตพื้นที่การศึกษาประถมศึกษาเชียงใหม่ เขต 2,ตําบลแม่แตง,อําเภอแม่แตง,เชียงใหม่,50150
144,ปี 2564,7-50150-013,โรงเรียนบ้านก๋ายน้อย,สํานักงานเขตพื้นที่การศึกษาประถมศึกษาเชียงใหม่ เขต 2,ตําบลเมืองก๋าย,อําเภอแม่แตง,เชียงใหม่,50150
145,ปี 2567,7-50150-014,โรงเรียนบ้านปลาดาว,สำนักงานคณะกรรมการส่งเสริมการศึกษาเอกชน,ตําบลอินทขิล,อําเภอแม่แตง,เชียงใหม่,50150
146,ปี 2568,7-50150-015,โรงเรียนบ้านแม่เลา,สํานักงานเขตพื้นที่การศึกษาประถมศึกษาเชียงใหม่ เขต 2,ตําบลป่าแป,อําเภอแม่แตง,เชียงใหม่,50150
147,ปี 2568,7-50150-016,โรงเรียนเมฆขจรเชียงใหม่,สำนักงานคณะกรรมการส่งเสริมการศึกษาเอกชน,ตําบลขี้เหล็ก,อําเภอแม่แตง,เชียงใหม่,50150
148,ปี 2568,7-50150-017,"โรงเรียนบ้านปง
(อินทขิลวิทยาคาร)",สํานักงานเขตพื้นที่การศึกษาประถมศึกษาเชียงใหม่ เขต 2,ตําบลอินทขิล,อําเภอแม่แตง,เชียงใหม่,50150
149,ปี 2568,7-50150-018,โรงเรียนสันมหาพนวิทยา,สํานักงานเขตพื้นที่การศึกษาประถมศึกษาเชียงใหม่ เขต 2,ตําบลสันมหาพน,อําเภอแม่แตง,เชียงใหม่,50150
150,ปี 2568,7-50150-019,โรงเรียนบ้านปางกว้าง,สํานักงานเขตพื้นที่การศึกษาประถมศึกษาเชียงใหม่ เขต 2,ตําบลอินทขิล,อําเภอแม่แตง,เชียงใหม่,50150
151,ปี 2568,7-50150-020,โรงเรียนวัดห้วยไร่,สํานักงานเขตพื้นที่การศึกษาประถมศึกษาเชียงใหม่ เขต 2,ตําบลขี้เหล็ก,อําเภอแม่แตง,เชียงใหม่,50150
152,ปี 2568,7-50150-021,โรงเรียนวัดบ้านเหล่า,สํานักงานเขตพื้นที่การศึกษาประถมศึกษาเชียงใหม่ เขต 2,ตําบลเมืองก๋าย,อําเภอแม่แตง,เชียงใหม่,50150
153,ปี 2568,7-50150-022,โรงเรียนบ้านแม่แมม,สํานักงานเขตพื้นที่การศึกษาประถมศึกษาเชียงใหม่ เขต 2,ตําบลป่าแป,อําเภอแม่แตง,เชียงใหม่,50150
154,ปี 2568,7-50150-023,โรงเรียนบ้านเป้าวิทยาคาร,สํานักงานเขตพื้นที่การศึกษาประถมศึกษาเชียงใหม่ เขต 2,ตําบลบ้านเป้า,อําเภอแม่แตง,เชียงใหม่,50150
155,ปี 2568,7-50150-024,โรงเรียนสันป่าสักวิทยา,สํานักงานเขตพื้นที่การศึกษาประถมศึกษาเชียงใหม่ เขต 2,ตําบลขี้เหล็ก,อําเภอแม่แตง,เชียงใหม่,50150
156,ปี 2568,7-50150-025,โรงเรียนวัดหนองออน,สํานักงานเขตพื้นที่การศึกษาประถมศึกษาเชียงใหม่ เขต 2,ตําบลอินทขิล,อําเภอแม่แตง,เชียงใหม่,50150
157,ปี 2568,7-50150-026,โรงเรียนวัดปางมะกลวย,สํานักงานเขตพื้นที่การศึกษาประถมศึกษาเชียงใหม่ เขต 2,ตําบลป่าแป,อําเภอแม่แตง,เชียงใหม่,50150
158,ปี 2568,7-50150-027,โรงเรียนบ้านปางฮาง,สํานักงานเขตพื้นที่การศึกษาประถมศึกษาเชียงใหม่ เขต 2,ตําบลสบเปิง,อําเภอแม่แตง,เชียงใหม่,50150
159,ปี 2568,7-50150-028,โรงเรียนวัดนาเม็ง,สํานักงานเขตพื้นที่การศึกษาประถมศึกษาเชียงใหม่ เขต 2,ตําบลแม่หอพระ,อําเภอแม่แตง,เชียงใหม่,50150
160,ปี 2568,7-50150-029,โรงเรียนวัดแม่เลย,สํานักงานเขตพื้นที่การศึกษาประถมศึกษาเชียงใหม่ เขต 2,ตําบลสะเมิงเหนือ,อําเภอสะเมิง,เชียงใหม่,50150
161,ปี 2568,7-50150-030,โรงเรียนบ้านแม่แสะ,สํานักงานเขตพื้นที่การศึกษาประถมศึกษาเชียงใหม่ เขต 2,ตําบลป่าแป,อําเภอแม่แตง,เชียงใหม่,50150
162,ปี 2568,7-50150-031,โรงเรียนบ้านปางไมแดง,สํานักงานเขตพื้นที่การศึกษาประถมศึกษาเชียงใหม่ เขต 2,ตําบลบ้านช้าง,อําเภอแม่แตง,เชียงใหม่,50150
163,ปี 2568,7-50150-032,โรงเรียนวัดแม่กะ,สํานักงานเขตพื้นที่การศึกษาประถมศึกษาเชียงใหม่ เขต 2,ตําบลแม่แตง,อําเภอแม่แตง,เชียงใหม่,50150
164,ปี 2568,7-50150-033,โรงเรียนบ้านผาหมอน,สํานักงานเขตพื้นที่การศึกษาประถมศึกษาเชียงใหม่ เขต 2,ตําบลสบเปิง,อําเภอแม่แตง,เชียงใหม่,50150
165,ปี 2553,7-50150-033/09-ตชด.,โรงเรียนตํารวจตระเวนชายแดนไลออนสมหาจักร 9,กองกํากับการตํารวจตระเวนชายแดนที่ 33,ตําบลกื้ดช้าง,อําเภอแม่แตง,เชียงใหม่,50150
166,ปี 2568,7-50150-034,โรงเรียนบ้านทับเดื่อ,สํานักงานเขตพื้นที่การศึกษาประถมศึกษาเชียงใหม่ เขต 2,ตําบลอินทขิล,อําเภอแม่แตง,เชียงใหม่,50150
167,ปี 2568,7-50150-035,โรงเรียนบ้านผึ้ง,สํานักงานเขตพื้นที่การศึกษาประถมศึกษาเชียงใหม่ เขต 2,ตําบลแม่หอพระ,อําเภอแม่แตง,เชียงใหม่,50150
168,ปี 2568,7-50150-036,โรงเรียนอนุบาลเทศบาลตําบลแม่แตง,กรมส่งเสริมการปกครองท้องถิ่น,ตําบลแม่แตง,อําเภอแม่แตง,เชียงใหม่,50150
169,ปี 2568,7-50150-037,โรงเรียนบ้านแม่ไคร,สํานักงานเขตพื้นที่การศึกษาประถมศึกษาเชียงใหม่ เขต 2,ตําบลป่าแป,อําเภอแม่แตง,เชียงใหม่,50150
170,ปี 2568,7-50150-038,โรงเรียนบ้านเมืองกื๊ด,สํานักงานเขตพื้นที่การศึกษาประถมศึกษาเชียงใหม่ เขต 2,ตําบลกื๊ดช้าง,อําเภอแม่แตง,เชียงใหม่,50150
171,ปี 2568,7-50150-039,โรงเรียนร่ำเปงวิทยา,สํานักงานเขตพื้นที่การศึกษาประถมศึกษาเชียงใหม่ เขต 2,ตําบลขี้เหล็ก,อําเภอแม่แตง,เชียงใหม่,50150
172,ปี 2568,7-50150-040,โรงเรียนบ้านปางห้วยตาด,สํานักงานเขตพื้นที่การศึกษาประถมศึกษาเชียงใหม่ เขต 2,ตําบลอินทขิล,อําเภอแม่แตง,เชียงใหม่,50150
173,ปี 2568,7-50150-041,โรงเรียนบ้านเจดียแม่ครัว,สํานักงานเขตพื้นที่การศึกษาประถมศึกษาเชียงใหม่ เขต 2,ตําบลแม่แฝกใหม,อําเภอสันทราย,เชียงใหม่,50150
174,ปี 2568,7-50150-042,โรงเรียนอนุบาลเทศบาลตําบลจอมแจง,กรมส่งเสริมการปกครองท้องถิ่น,ตําบลขี้เหล็ก,อําเภอแม่แตง,เชียงใหม่,50150
175,ปี 2568,7-50150-043,โรงเรียนอนุบาลสานสายใยรัก เทศบาลเมืองเมืองแกนพัฒนา,กรมส่งเสริมการปกครองท้องถิ่น,ตําบลอินทขิล,อําเภอแม่แตง,เชียงใหม่,50150
176,ปี 2553,7-50160-001,โรงเรียนสองแคววิทยาคม,สํานักงานเขตพื้นที่การศึกษามัธยมศึกษาเชียงใหม่,ตําบลดอยหล่อ,อําเภอดอยหล่อ,เชียงใหม่,50160
177,ปี 2556,7-50160-002,โรงเรียนจอมทอง,สํานักงานเขตพื้นที่การศึกษามัธยมศึกษาเชียงใหม่,ตำบลข่วงเปา,อําเภอจอมทอง,เชียงใหม่,50160
178,ปี 2556,7-50160-003,โรงเรียนสันติสุข,สํานักงานเขตพื้นที่การศึกษามัธยมศึกษาเชียงใหม่,ตําบลสันติสุข,อําเภอดอยหล่อ,เชียงใหม่,50160
179,ปี 2562,7-50160-004,ศูนย์ส่งเสริมการเรียนรู้ระดับอําเภอดอยหล่อ,สํานักงานส่งเสริมการเรียนรู้ประจําจังหวัดเชียงใหม่ (สกร.),ตําบลดอยหล่อ,อําเภอดอยหล่อ,เชียงใหม่,50160
180,ปี 2562,7-50160-005,ศูนย์ส่งเสริมการเรียนรู้ระดับอําเภอจอมทอง,สํานักงานส่งเสริมการเรียนรู้ประจําจังหวัดเชียงใหม่ (สกร.),ตําบลสบเตี๊ยะ,อําเภอจอมทอง,เชียงใหม่,50160
181,ปี 2562,7-50160-006,โรงเรียนเทศบาลจอมทอง 1 (ชุมชนบ้านขวงเปาเหนือ),กรมส่งเสริมการปกครองท้องถิ่น,ตำบลข่วงเปา,อําเภอจอมทอง,เชียงใหม่,50160
182,ปี 2565,7-50160-007,วิทยาลัยการอาชีพจอมทอง,สํานักงานคณะกรรมการการอาชีวศึกษา,ตำบลข่วงเปา,อําเภอจอมทอง,เชียงใหม่,50160
183,ปี 2567,7-50160-008,โรงเรียนดอยหล่อวิทยา,กรมส่งเสริมการปกครองท้องถิ่น,ตําบลดอยหล่อ,อําเภอดอยหล่อ,เชียงใหม่,50160
184,ปี 2567,7-50160-009,โรงเรียนณัทชวิทย์,สำนักงานคณะกรรมการส่งเสริมการศึกษาเอกชน,ตำบลข่วงเปา,อําเภอจอมทอง,เชียงใหม่,50160
185,ปี 2568,7-50160-010,โรงเรียนบ้านน้ำตกแม่กลาง,สํานักงานเขตพื้นที่การศึกษาประถมศึกษาเชียงใหม่ เขต 6,ตําบลบ้านหลวง,อําเภอจอมทอง,เชียงใหม่,50160
186,ปี 2568,7-50160-011,โรงเรียนบ้านแม่ปอน,สํานักงานเขตพื้นที่การศึกษาประถมศึกษาเชียงใหม่ เขต 6,ตําบลบ้านหลวง,อําเภอจอมทอง,เชียงใหม่,50160
187,ปี 2568,7-50160-012,โรงเรียนบ้านขุนกลาง,สํานักงานเขตพื้นที่การศึกษาประถมศึกษาเชียงใหม่ เขต 6,ตําบลบ้านกลาง,อําเภอจอมทอง,เชียงใหม่,50160
188,ปี 2568,7-50160-013,โรงเรียนบ้านห้วยสะแพด,สํานักงานเขตพื้นที่การศึกษาประถมศึกษาเชียงใหม่ เขต 6,ตําบลแม่สอย,อําเภอจอมทอง,เชียงใหม่,50160
189,ปี 2568,7-50160-014,โรงเรียนป่ากล้วยพัฒนา,สํานักงานเขตพื้นที่การศึกษาประถมศึกษาเชียงใหม่ เขต 6,ตําบลแม่สอย,อําเภอจอมทอง,เชียงใหม่,50180
190,ปี 2568,7-50160-015,โรงเรียนบ้านเมืองกลาง,สํานักงานเขตพื้นที่การศึกษาประถมศึกษาเชียงใหม่ เขต 6,ตําบลบ้านหลวง,อําเภอจอมทอง,เชียงใหม่,50160
191,ปี 2568,7-50160-016,โรงเรียนบ้านห้วยส้มป่อย,สํานักงานเขตพื้นที่การศึกษาประถมศึกษาเชียงใหม่ เขต 6,ตําบลดอยแก้ว,อําเภอจอมทอง,เชียงใหม่,50160
192,ปี 2568,7-50160-017,โรงเรียนศรีจอมทอง,สํานักงานเขตพื้นที่การศึกษาประถมศึกษาเชียงใหม่ เขต 6,ตําบลดอนแก้ว,อําเภอจอมทอง,เชียงใหม่,50160
193,ปี 2568,7-50160-018,โรงเรียนบ้านหาดนาค,สํานักงานเขตพื้นที่การศึกษาประถมศึกษาเชียงใหม่ เขต 6,ตําบลสบเตี๊ยะ,อําเภอจอมทอง,เชียงใหม่,50160
194,ปี 2568,7-50160-019,โรงเรียนไทยรัฐวิทยา 79 (บ้าน หนองอาบช้าง),สํานักงานเขตพื้นที่การศึกษาประถมศึกษาเชียงใหม่ เขต 6,ตําบลสบเตี๊ยะ,อําเภอจอมทอง,เชียงใหม่,50160
195,ปี 2568,7-50160-020,โรงเรียนบ้านเมืองกลาง,สํานักงานเขตพื้นที่การศึกษาประถมศึกษาเชียงใหม่ เขต 6,ตําบลบ้านหลวง,อําเภอจอมทอง,เชียงใหม่,50160
196,ปี 2568,7-50160-021,โรงเรียนบ้านสบเตี๊ยะ,สํานักงานเขตพื้นที่การศึกษาประถมศึกษาเชียงใหม่ เขต 6,ตําบลสบเตี๊ยะ,อําเภอจอมทอง,เชียงใหม่,50160
197,ปี 2568,7-50160-022,โรงเรียนบ้านท่าหลุก,สํานักงานเขตพื้นที่การศึกษาประถมศึกษาเชียงใหม่ เขต 6,ตําบลสบเตี๊ยะ,อําเภอจอมทอง,เชียงใหม่,50160
198,ปี 2568,7-50160-023,โรงเรียนบ้านห้วยม่วง,สํานักงานเขตพื้นที่การศึกษาประถมศึกษาเชียงใหม่ เขต 6,ตําบลสบเตี๊ยะ,อําเภอจอมทอง,เชียงใหม่,50160
199,ปี 2568,7-50160-024,โรงเรียนบ้านห้วยน้ำดิบ,สํานักงานเขตพื้นที่การศึกษาประถมศึกษาเชียงใหม่ เขต 6,ตำบลข่วงเปา,อําเภอจอมทอง,เชียงใหม่,50160
200,ปี 2568,7-50160-025,โรงเรียนบ้านขุนแตะ,สํานักงานเขตพื้นที่การศึกษาประถมศึกษาเชียงใหม่ เขต 6,ตําบลดอนแก้ว,อําเภอจอมทอง,เชียงใหม่,50160
201,ปี 2568,7-50160-026,โรงเรียนบ้านขุนกลาง สาขาแม่ยะน้อย,สํานักงานเขตพื้นที่การศึกษาประถมศึกษาเชียงใหม่ เขต 6,ตําบลบ้านหลวง,อําเภอจอมทอง,เชียงใหม่,50160
202,ปี 2568,7-50160-027,โรงเรียนวัดศรีดอนชัย,สํานักงานเขตพื้นที่การศึกษาประถมศึกษาเชียงใหม่ เขต 4,ตําบลสันทราย,อําเภอสารภี,เชียงใหม่,50140
203,ปี 2568,7-50160-028,โรงเรียนบ้านดงป่าหวาย,สํานักงานเขตพื้นที่การศึกษาประถมศึกษาเชียงใหม่ เขต 4,ตําบลดอยหล่อ,อําเภอดอยหล่อ,เชียงใหม่,50160
204,ปี 2568,7-50160-029,โรงเรียนนิยมไพรผาหมอน อินทนนท์,สํานักงานเขตพื้นที่การศึกษาประถมศึกษาเชียงใหม่ เขต 6,ตําบลบ้านหลวง,อําเภอจอมทอง,เชียงใหม่,50160
205,ปี 2568,7-50160-030,โรงเรียนบ้านขุนยะ,สํานักงานเขตพื้นที่การศึกษาประถมศึกษาเชียงใหม่ เขต 6,ตําบลบ้านหลวง,อําเภอจอมทอง,เชียงใหม่,50160
206,ปี 2546,7-50170-001,โรงเรียนอรุโณทัยวิทยาคม,สํานักงานเขตพื้นที่การศึกษามัธยมศึกษาเชียงใหม่,ตําบลเมืองนะ,อําเภอเชียงดาว,เชียงใหม่,50170
207,ปี 2555,7-50170-002,โรงเรียนศึกษาสงเคราะห์เชียงดาว,สํานักบริหารงานการศึกษาพิเศษ,ตําบลปิงโค้ง,อําเภอเชียงดาว,เชียงใหม่,50170
208,ปี 2562,7-50170-003,โรงเรียนบ้านนาหวาย,สํานักงานเขตพื้นที่การศึกษาประถมศึกษาเชียงใหม่ เขต 3,ตําบลเมืองนะ,อําเภอเชียงดาว,เชียงใหม่,50170
209,ปี 2562,7-50170-004,โรงเรียนบ้านรินหลวง,สํานักงานเขตพื้นที่การศึกษาประถมศึกษาเชียงใหม่ เขต 3,ตําบลเมืองนะ,อําเภอเชียงดาว,เชียงใหม่,50170
210,ปี 2562,7-50170-005,โรงเรียนบ้านปางเฟือง,สํานักงานเขตพื้นที่การศึกษาประถมศึกษาเชียงใหม่ เขต 3,ตําบลปิงโค้ง,อําเภอเชียงดาว,เชียงใหม่,50170
211,ปี 2563,7-50170-006,โรงเรียนบ้านแม่แมะ,สํานักงานเขตพื้นที่การศึกษาประถมศึกษาเชียงใหม่ เขต 3,ตําบลแม่นะ,อําเภอเชียงดาว,เชียงใหม่,50170
212,ปี 2563,7-50170-007,โรงเรียนเชียงดาววิทยาคม,สํานักงานเขตพื้นที่การศึกษามัธยมศึกษาเชียงใหม่,ตําบลเชียงดาว,อําเภอเชียงดาว,เชียงใหม่,50170
213,ปี 2565,7-50170-008,โรงเรียนชุมชนบ้านเมืองงาย,สํานักงานเขตพื้นที่การศึกษาประถมศึกษาเชียงใหม่ เขต 3,ตําบลเมืองงาย,อําเภอเชียงดาว,เชียงใหม่,50170
214,ปี 2567,7-50170-009,โรงเรียนแกน้อยศึกษา,สํานักงานเขตพื้นที่การศึกษาประถมศึกษาเชียงใหม่ เขต 3,ตําบลเมืองนะ,อําเภอเชียงดาว,เชียงใหม่,50170
215,ปี 2568,7-50170-010,โรงเรียนบ้านหนองเขียว,สํานักงานเขตพื้นที่การศึกษาประถมศึกษาเชียงใหม่ เขต 3,ตําบลเมืองนะ,อําเภอเชียงดาว,เชียงใหม่,50170
216,ปี 2568,7-50170-011,โรงเรียนเจ้าฟ้าอุบลรัตน์,สำนักงานคณะกรรมการส่งเสริมการศึกษาเอกชน,ตําบลเชียงดาว,อําเภอเชียงดาว,เชียงใหม่,50170
217,ปี 2568,7-50170-012,โรงเรียนบ้านปางมะยา,สํานักงานเขตพื้นที่การศึกษาประถมศึกษาเชียงใหม่ เขต 3,ตําบลปิงโค้ง,อําเภอเชียงดาว,เชียงใหม่,50170
218,ปี 2568,7-50170-013,โรงเรียนบ้านเชียงดาว,สํานักงานเขตพื้นที่การศึกษาประถมศึกษาเชียงใหม่ เขต 3,ตําบลเชียงดาว,อําเภอเชียงดาว,เชียงใหม่,50170
219,ปี 2568,7-50170-014,โรงเรียนบ้านปางแดง,สํานักงานเขตพื้นที่การศึกษาประถมศึกษาเชียงใหม่ เขต 3,ตําบลเชียงดาว,อําเภอเชียงดาว,เชียงใหม่,50170
220,ปี 2568,7-50170-015,โรงเรียนบ้านถ้ำ,สํานักงานเขตพื้นที่การศึกษาประถมศึกษาเชียงใหม่ เขต 3,ตําบลเชียงดาว,อําเภอเชียงดาว,เชียงใหม่,50170
221,ปี 2568,7-50170-016,โรงเรียนบ้านแม่กอนใน,สํานักงานเขตพื้นที่การศึกษาประถมศึกษาเชียงใหม่ เขต 3,ตําบลทุ่งข้าวพวง,อําเภอเชียงดาว,เชียงใหม่,50170
222,ปี 2569,7-50170-017,โรงเรียนบ้านอรุโณทัย,สํานักงานเขตพื้นที่การศึกษาประถมศึกษาเชียงใหม่ เขต 3,ตําบลเมืองนะ,อําเภอเชียงดาว,เชียงใหม่,50170
223,ปี 2569,7-50170-018,โรงเรียนมิตรมวลชนเชียงใหม่,สํานักงานเขตพื้นที่การศึกษาประถมศึกษาเชียงใหม่ เขต 3,ตําบลปิงโค้ง,อําเภอเชียงดาว,เชียงใหม่,50170
224,ปี 2569,7-50170-019,โรงเรียนบ้านวังมะริว,สํานักงานเขตพื้นที่การศึกษาประถมศึกษาเชียงใหม่ เขต 3,ตําบลเมืองคอง,อําเภอเชียงดาว,เชียงใหม่,50170
225,ปี 2569,7-50170-020,โรงเรียนบ้านห้วยทรายขาว,สํานักงานเขตพื้นที่การศึกษาประถมศึกษาเชียงใหม่ เขต 3,ตําบลทุ่งข้าวพวง,อําเภอเชียงดาว,เชียงใหม่,50470
226,ปี 2569,7-50170-021,โรงเรียนโครงการหลวงแกน้อย,สํานักงานเขตพื้นที่การศึกษาประถมศึกษาเชียงใหม่ เขต 3,ตําบลเมืองนะ,อําเภอเชียงดาว,เชียงใหม่,50170
227,ปี 2569,7-50170-022,โรงเรียนบ้านเมืองคอง,สํานักงานเขตพื้นที่การศึกษาประถมศึกษาเชียงใหม่ เขต 3,ตําบลเมืองคอง,อําเภอเชียงดาว,เชียงใหม่,50170
228,ปี 2569,7-50170-023,โรงเรียนชุมชนบ้านวังจ๊อม,สํานักงานเขตพื้นที่การศึกษาประถมศึกษาเชียงใหม่ เขต 3,ตําบลเชียงดาว,อําเภอเชียงดาว,เชียงใหม่,50170
229,ปี 2553,7-50170-033/02-ตชด.,โรงเรียนตํารวจตระเวนชายแดน เฉลิมพระเกียรติฯ,กองกํากับการตํารวจตระเวนชายแดนที่ 33,ตําบลเมืองนะ,อําเภอเชียงดาว,เชียงใหม่,50170
230,ปี 2568,7-50170-033/05-ตชด.,โรงเรียนตํารวจตระเวนชายแดน บ้านหนองแขม,กองกํากับการตํารวจตระเวนชายแดนที่ 33,ตําบลเมืองนะ,อําเภอเชียงดาว,เชียงใหม่,50170
231,ปี 2545,7-50180-001,โรงเรียนนวมินทราชูทิศ พายัพ,สํานักงานเขตพื้นที่การศึกษามัธยมศึกษาเชียงใหม่,ตําบลดอนแก้ว,อําเภอแม่ริม,เชียงใหม่,50180
232,ปี 2553,7-50180-002,โรงเรียนศึกษาสงเคราะห์เชียงใหม่,สํานักบริหารงานการศึกษาพิเศษ,ตําบลดอนแก้ว,อําเภอแม่ริม,เชียงใหม่,50180
233,ปี 2555,7-50180-003,โรงเรียนแม่ริมวิทยาคม,สํานักงานเขตพื้นที่การศึกษามัธยมศึกษาเชียงใหม่,ตําบลริมใต,อําเภอแม่ริม,เชียงใหม่,50180
234,ปี 2556,7-50180-004,โรงเรียนบ้านริมใต้,สํานักงานเขตพื้นที่การศึกษาประถมศึกษาเชียงใหม่ เขต 2,ตําบลริมใต,อําเภอแม่ริม,เชียงใหม่,50180
235,ปี 2556,7-50180-005,โรงเรียนบ้านศาลา,กรมส่งเสริมการปกครองท้องถิ่น,ตําบลดอนแก้ว,อําเภอแม่ริม,เชียงใหม่,50180
236,ปี 2558,7-50180-006,วิทยาลัยพยาบาลบรมราชชนนี เชียงใหม่,สถาบันพระบรมราชชนก,ตําบลดอนแก้ว,อําเภอแม่ริม,เชียงใหม่,50180
237,ปี 2562,7-50180-007,โรงเรียนอนุบาลเทศบาลตําบลสันโป่ง,กรมส่งเสริมการปกครองท้องถิ่น,ตําบลสันโป่ง,อําเภอแม่ริม,เชียงใหม่,50180
238,ปี 2563,7-50180-008,ศูนย์ส่งเสริมการเรียนรู้ระดับอําเภอแม่ริม,สํานักงานส่งเสริมการเรียนรู้ประจําจังหวัดเชียงใหม่ (สกร.),ตําบลดอนแก้ว,อําเภอแม่ริม,เชียงใหม่,50180
239,ปี 2563,7-50180-009,โรงเรียนบ้านป่าติ้ว,สํานักงานเขตพื้นที่การศึกษาประถมศึกษาเชียงใหม่ เขต 2,ตําบลสันโป่ง,อําเภอแม่ริม,เชียงใหม่,50180
240,ปี 2564,7-50180-010,โรงเรียนบ้านน้ำริน,สํานักงานเขตพื้นที่การศึกษาประถมศึกษาเชียงใหม่ เขต 2,ตําบลขี้เหล็ก,อําเภอแม่ริม,เชียงใหม่,50180
241,ปี 2564,7-50180-011,โรงเรียนดอนแก้วเนรมิตปัญญา,กรมส่งเสริมการปกครองท้องถิ่น,ตําบลดอนแก้ว,อําเภอแม่ริม,เชียงใหม่,50180
242,ปี 2564,7-50180-012,โรงเรียนบ้านดอนแก้ว,กรมส่งเสริมการปกครองท้องถิ่น,ตําบลดอนแก้ว,อําเภอแม่ริม,เชียงใหม่,50180
243,ปี 2568,7-50180-013,ศูนย์การศึกษาพิเศษ เขตการศึกษา 8,สํานักบริหารงานการศึกษาพิเศษ,ตําบลดอนแก้ว,อําเภอแม่ริม,เชียงใหม่,50180
244,ปี 2568,7-50180-014,โรงเรียนบ้านคุณหมอ,สำนักงานคณะกรรมการส่งเสริมการศึกษาเอกชน,ตําบลริมใต,อําเภอแม่ริม,เชียงใหม่,50180
245,ปี 2568,7-50180-015,โรงเรียนธีระวัธน์บําเพ็ญ,สำนักงานคณะกรรมการส่งเสริมการศึกษาเอกชน,ตําบลริมใต,อําเภอแม่ริม,เชียงใหม่,50180
246,ปี 2568,7-50180-016,โรงเรียนอนุบาลวรรณภา,สำนักงานคณะกรรมการส่งเสริมการศึกษาเอกชน,ตําบลสันโป่ง,อําเภอแม่ริม,เชียงใหม่,50180
247,ปี 2568,7-50180-017,โรงเรียนมูลนิธิมหาราช 5,สํานักงานเขตพื้นที่การศึกษาประถมศึกษาเชียงใหม่ เขต 2,ตําบลริมเหนือ,อําเภอแม่ริม,เชียงใหม่,50180
248,ปี 2568,7-50180-018,โรงเรียนบ้านกองแหะ,สํานักงานเขตพื้นที่การศึกษาประถมศึกษาเชียงใหม่ เขต 2,ตําบลโป่งแยง,อําเภอแม่ริม,เชียงใหม่,50180
249,ปี 2568,7-50180-019,โรงเรียนเจ้าแม่หลวงอุปภรณ์ 2,สํานักงานเขตพื้นที่การศึกษาประถมศึกษาเชียงใหม่ เขต 2,ตําบลแม่แรม,อําเภอแม่ริม,เชียงใหม่,50180
250,ปี 2568,7-50180-020,โรงเรียนวัดโป่งแยงเฉลิมพระเกียรติ,สํานักงานเขตพื้นที่การศึกษาประถมศึกษาเชียงใหม่ เขต 2,ตําบลโป่งแยง,อําเภอแม่ริม,เชียงใหม่,50180
251,ปี 2568,7-50180-021,โรงเรียนบ้านพระนอน,สํานักงานเขตพื้นที่การศึกษาประถมศึกษาเชียงใหม่ เขต 2,ตําบลดอนแก้ว,อําเภอแม่ริม,เชียงใหม่,50180
252,ปี 2568,7-50180-022,โรงเรียนบ้านสันคะยอม,สํานักงานเขตพื้นที่การศึกษาประถมศึกษาเชียงใหม่ เขต 2,ตําบลขี้เหล็ก,อําเภอแม่ริม,เชียงใหม่,50180
253,ปี 2568,7-50180-023,โรงเรียนบ้านหนองปลามัน,สํานักงานเขตพื้นที่การศึกษาประถมศึกษาเชียงใหม่ เขต 2,ตําบลห้วยทราย,อําเภอแม่ริม,เชียงใหม่,50180
254,ปี 2568,7-50180-024,โรงเรียนบ้านปางไฮ,สํานักงานเขตพื้นที่การศึกษาประถมศึกษาเชียงใหม่ เขต 2,ตําบลแม่แรม,อําเภอแม่ริม,เชียงใหม่,50180
255,ปี 2568,7-50180-025,โรงเรียนวัดทรายมูล,สํานักงานเขตพื้นที่การศึกษาประถมศึกษาเชียงใหม่ เขต 2,ตําบลริมใต,อําเภอแม่ริม,เชียงใหม่,50180
256,ปี 2568,7-50180-026,โรงเรียนบ้านแม่สา,สํานักงานเขตพื้นที่การศึกษาประถมศึกษาเชียงใหม่ เขต 2,ตําบลแม่สา,อําเภอแม่ริม,เชียงใหม่,50180
257,ปี 2568,7-50180-027,โรงเรียนบ้านโป่งแยงใน,สํานักงานเขตพื้นที่การศึกษาประถมศึกษาเชียงใหม่ เขต 2,ตําบลโป่งแยง,อําเภอแม่ริม,เชียงใหม่,50180
258,ปี 2568,7-50180-028,โรงเรียนบ้านต้นผึ้ง,สํานักงานเขตพื้นที่การศึกษาประถมศึกษาเชียงใหม่ เขต 2,ตําบลเหมืองแก้ว,อําเภอแม่ริม,เชียงใหม่,50180
259,ปี 2568,7-50180-029,โรงเรียนเจ้าพ่อหลวงอุปถัมภ์ 7,สํานักงานเขตพื้นที่การศึกษาประถมศึกษาเชียงใหม่ เขต 2,ตําบลโป่งแยง,อําเภอแม่ริม,เชียงใหม่,50180
260,ปี 2568,7-50180-030,โรงเรียนบ้านทุ่งโป่ง,สํานักงานเขตพื้นที่การศึกษาประถมศึกษาเชียงใหม่ เขต 2,ตําบลแม่แรม,อําเภอแม่ริม,เชียงใหม่,50180
261,ปี 2568,7-50180-031,โรงเรียนบ้านบวกจั่น,สํานักงานเขตพื้นที่การศึกษาประถมศึกษาเชียงใหม่ เขต 2,ตําบลโป่งแยง,อําเภอแม่ริม,เชียงใหม่,50180
262,ปี 2568,7-50180-032,โรงเรียนอนุบาลอินทิราบ้านเด็ก,สำนักงานคณะกรรมการส่งเสริมการศึกษาเอกชน,ตําบลริมใต,อําเภอแม่ริม,เชียงใหม่,50180
263,ปี 2546,7-50190-001,โรงเรียนบ้านขุนแจะ,สํานักงานเขตพื้นที่การศึกษาประถมศึกษาเชียงใหม่ เขต 2,ตําบลแม่แวน,อําเภอพร้าว,เชียงใหม่,50190
264,ปี 2558,7-50190-002,โรงเรียนพร้าวบูรพา,สํานักงานเขตพื้นที่การศึกษาประถมศึกษาเชียงใหม่ เขต 2,ตําบลป่าตุ้ม,อําเภอพร้าว,เชียงใหม่,50190
265,ปี 2563,7-50190-003,ศูนย์ส่งเสริมการเรียนรู้ระดับอําเภอพร้าว,สํานักงานส่งเสริมการเรียนรู้ประจําจังหวัดเชียงใหม่ (สกร.),ตําบลทุ่งหลวง,อําเภอพร้าว,เชียงใหม่,50190
266,ปี 2568,7-50190-004,โรงเรียนเทียนเล่มน้อย,สำนักงานคณะกรรมการส่งเสริมการศึกษาเอกชน,ตําบลป่าตุ้ม,อําเภอพร้าว,เชียงใหม่,50190
267,ปี 2568,7-50190-005,โรงเรียนพร้าววิทยาคม,สํานักงานเขตพื้นที่การศึกษามัธยมศึกษาเชียงใหม่,ตําบลเขื่อนผาก,อําเภอพร้าว,เชียงใหม่,50190
268,ปี 2568,7-50190-006,โรงเรียนบ้านป่าไหน่,สํานักงานเขตพื้นที่การศึกษาประถมศึกษาเชียงใหม่ เขต 2,ตําบลป่าไหน่,อําเภอพร้าว,เชียงใหม่,50190
269,ปี 2568,7-50190-007,โรงเรียนบ้านต้นรุง,สํานักงานเขตพื้นที่การศึกษาประถมศึกษาเชียงใหม่ เขต 2,ตําบลป่าตุ้ม,อําเภอพร้าว,เชียงใหม่,50190
270,ปี 2568,7-50190-008,โรงเรียนบ้านแม่เหียะ,สํานักงานเขตพื้นที่การศึกษาประถมศึกษาเชียงใหม่ เขต 2,ตําบลแม่แวน,อําเภอพร้าว,เชียงใหม่,50190
271,ปี 2568,7-50190-009,โรงเรียนบ้านป่าตุ้ม,สํานักงานเขตพื้นที่การศึกษาประถมศึกษาเชียงใหม่ เขต 2,ตําบลป่าตุ้ม,อําเภอพร้าว,เชียงใหม่,50190
272,ปี 2568,7-50190-010,โรงเรียนชุมชนสหกรณ์นิคมวิทยา,สํานักงานเขตพื้นที่การศึกษาประถมศึกษาเชียงใหม่ เขต 2,ตําบลเขื่อนตาก,อําเภอพร้าว,เชียงใหม่,50190
273,ปี 2568,7-50190-011,โรงเรียนบ้านสันกลาง,สํานักงานเขตพื้นที่การศึกษาประถมศึกษาเชียงใหม่ เขต 2,ตําบลป่าไหน่,อําเภอพร้าว,เชียงใหม่,50190
274,ปี 2568,7-50190-012,โรงเรียนประดู่วิทยา,สํานักงานเขตพื้นที่การศึกษาประถมศึกษาเชียงใหม่ เขต 2,ตําบลแม่ปั๋ง,อําเภอพร้าว,เชียงใหม่,50190
275,ปี 2568,7-50190-013,โรงเรียนชุมชนบ้านโป่ง,สํานักงานเขตพื้นที่การศึกษาประถมศึกษาเชียงใหม่ เขต 2,ตําบลบ้านโป่ง,อําเภอพร้าว,เชียงใหม่,50190
276,ปี 2568,7-50190-014,โรงเรียนบ้านห้วยบง,สํานักงานเขตพื้นที่การศึกษาประถมศึกษาเชียงใหม่ เขต 2,ตําบลเขื่อนผาก,อําเภอพร้าว,เชียงใหม่,50190
277,ปี 2568,7-50190-015,โรงเรียนบ้านนาบุญโหล่งขอด,สํานักงานเขตพื้นที่การศึกษาประถมศึกษาเชียงใหม่ เขต 2,ตําบลโหล่งขอด,อําเภอพร้าว,เชียงใหม่,50190
278,ปี 2568,7-50190-016,โรงเรียนบ้านหนองปด,สํานักงานเขตพื้นที่การศึกษาประถมศึกษาเชียงใหม่ เขต 2,ตําบลสันทราย,อําเภอพร้าว,เชียงใหม่,50190
279,ปี 2568,7-50190-017,โรงเรียนสหกรณดําริ,สํานักงานเขตพื้นที่การศึกษาประถมศึกษาเชียงใหม่ เขต 2,ตําบลน้ำแพร,อําเภอพร้าว,เชียงใหม่,50190
280,ปี 2568,7-50190-018,โรงเรียนบ้านหลวง,สํานักงานเขตพื้นที่การศึกษาประถมศึกษาเชียงใหม่ เขต 2,ตําบลโหล่งขอด,อําเภอพร้าว,เชียงใหม่,50190
281,ปี 2568,7-50190-019,โรงเรียนบ้านแม่ปาคี,สํานักงานเขตพื้นที่การศึกษาประถมศึกษาเชียงใหม่ เขต 2,ตําบลสันทราย,อําเภอพร้าว,เชียงใหม่,50190
282,ปี 2568,7-50190-020,โรงเรียนประชาสามัคคีวิทยา,สํานักงานเขตพื้นที่การศึกษาประถมศึกษาเชียงใหม่ เขต 2,ตําบลป่าไหน่,อําเภอพร้าว,เชียงใหม่,50190
283,ปี 2568,7-50190-021,โรงเรียนบ้านสันปง,สํานักงานเขตพื้นที่การศึกษาประถมศึกษาเชียงใหม่ เขต 2,ตําบลสันทราย,อําเภอพร้าว,เชียงใหม่,50190
284,ปี 2568,7-50190-022,โรงเรียนอนุบาลตําบลป่าไหน่,กรมส่งเสริมการปกครองท้องถิ่น,ตําบลป่าไหน่,อําเภอพร้าว,เชียงใหม่,50190
285,ปี 2568,7-50190-023,โรงเรียนบ้านแม่ปง,สํานักงานเขตพื้นที่การศึกษาประถมศึกษาเชียงใหม่ เขต 2,ตําบลแม่ปั๋ง,อําเภอพร้าว,เชียงใหม่,50190
286,ปี 2568,7-50190-024,โรงเรียนบ้านแจงกูเรือง,สํานักงานเขตพื้นที่การศึกษาประถมศึกษาเชียงใหม่ เขต 2,ตําบลเวียง,อําเภอพร้าว,เชียงใหม่,50190
287,ปี 2568,7-50190-025,โรงเรียนอนุบาลพรชัย,สำนักงานคณะกรรมการส่งเสริมการศึกษาเอกชน,ตําบลเวียง,อําเภอพร้าว,เชียงใหม่,50190
288,ปี 2553,7-50190-033/011-ตชด.,โรงเรียนตํารวจตระเวนชายแดน เจาพอหลวงอุปถัมป 2,กองกํากับการตํารวจตระเวนชายแดนที่ 33,ตําบลน้ำแพร,อําเภอพร้าว,เชียงใหม่,50190
289,ปี 2559,7-50200-001,โรงเรียนสังวาลยวิทยา,สํานักงานเขตพื้นที่การศึกษาประถมศึกษาเชียงใหม่ เขต 1,ตําบลสุเทพ,อําเภอเมืองเชียงใหม่,เชียงใหม่,50200
290,ปี 2561,7-50200-002,โรงเรียนเมตตาศึกษาในพระราชูปถัมภ,สำนักงานคณะกรรมการส่งเสริมการศึกษาเอกชน,ตําบลพระสิงห,อําเภอเมืองเชียงใหม่,เชียงใหม่,50200
291,ปี 2562,7-50200-003,โรงเรียนบ้านเชิงดอยสุเทพ,สํานักงานเขตพื้นที่การศึกษาประถมศึกษาเชียงใหม่ เขต 1,ตําบลสุเทพ,อําเภอเมืองเชียงใหม่,เชียงใหม่,50200
292,ปี 2562,7-50200-004,โรงเรียนสอนคนตาบอดภาคเหนือ,สํานักบริหารงานการศึกษาพิเศษ,ตําบลพระสิงห,อําเภอเมืองเชียงใหม่,เชียงใหม่,50200
293,ปี 2563,7-50200-005,โรงเรียนอนุบาลเชียงใหม่,สํานักงานเขตพื้นที่การศึกษาประถมศึกษาเชียงใหม่ เขต 1,ตําบลพระสิงห,อําเภอเมืองเชียงใหม่,เชียงใหม่,50200
294,ปี 2566,7-50200-006,วิทยาลัยอาชีวศึกษาเชียงใหม่,สํานักงานคณะกรรมการการอาชีวศึกษา,ตําบลศรีภูมิ,อําเภอเมืองเชียงใหม่,เชียงใหม่,50200
295,ปี 2567,7-50200-007,วิทยาลัยเทคนิคเชียงใหม่,สํานักงานคณะกรรมการการอาชีวศึกษา,ตําบลศรีภูมิ,อําเภอเมืองเชียงใหม่,เชียงใหม่,50200
296,ปี 2568,7-50200-008,โรงเรียนอนุบาลอุบลลักษณ,สำนักงานคณะกรรมการส่งเสริมการศึกษาเอกชน,ตําบลศรีภูมิ,อําเภอเมืองเชียงใหม่,เชียงใหม่,50200
297,ปี 2568,7-50200-009,โรงเรียนโกวิทธํารงเชียงใหม่,สำนักงานคณะกรรมการส่งเสริมการศึกษาเอกชน,ตําบลศรีภูมิ,อําเภอเมืองเชียงใหม่,เชียงใหม่,50200
298,ปี 2568,7-50200-010,โรงเรียนหอพระ,สํานักงานเขตพื้นที่การศึกษามัธยมศึกษาเชียงใหม่,ตําบลศรีภูมิ,อําเภอเมืองเชียงใหม่,เชียงใหม่,50200
299,ปี 2568,7-50200-011,โรงเรียนเทศบาลบ้านทรายคํา,กรมส่งเสริมการปกครองท้องถิ่น,ตําบลสุเทพ,อําเภอเมืองเชียงใหม่,เชียงใหม่,50200
300,ปี 2568,7-50200-012,โรงเรียนเทศบาลวัดหมื่นเงินกอง,กรมส่งเสริมการปกครองท้องถิ่น,ตําบลพระสิงห,อําเภอเมืองเชียงใหม่,เชียงใหม่,50200
301,ปี 2568,7-50200-013,มหาวิทยาลัยการกีฬาแหงชาติ วิทยาเขตเชียงใหม่,กระทรวงการท่องเที่ยวและกีฬา,ตําบลศรีภูมิ,อําเภอเมืองเชียงใหม่,เชียงใหม่,50200
302,ปี 2568,7-50200-014,โรงเรียนพุทธิโสภณ,สํานักงานเขตพื้นที่การศึกษาประถมศึกษาเชียงใหม่ เขต 1,ตําบลพระสิงห,อําเภอเมืองเชียงใหม่,เชียงใหม่,50200
303,ปี 2568,7-50200-015,โรงเรียนบ้านโป่งนอย,สํานักงานเขตพื้นที่การศึกษาประถมศึกษาเชียงใหม่ เขต 1,ตําบลสุเทพ,อําเภอเมืองเชียงใหม่,เชียงใหม่,50200
304,ปี 2555,7-50210-001,โรงเรียนบ้านป่าเหมือด,สํานักงานเขตพื้นที่การศึกษาประถมศึกษาเชียงใหม่ เขต 2,ตําบลป่าไผ่,อําเภอสันทราย,เชียงใหม่,50210
305,ปี 2556,7-50210-002,โรงเรียนวัดแม่แกดนอย,สํานักงานเขตพื้นที่การศึกษาประถมศึกษาเชียงใหม่ เขต 2,ตําบลป่าไผ่,อําเภอสันทราย,เชียงใหม่,50210
306,ปี 2566,7-50210-003,วิทยาลัยเทคโนโลยีพายัพและบริหารธุรกิจ,สํานักงานคณะกรรมการการอาชีวศึกษา,ตําบลหนองจ๊อม,อําเภอสันทราย,เชียงใหม่,50210
307,ปี 2567,7-50210-004,โรงเรียนสันทรายหลวง,สํานักงานเขตพื้นที่การศึกษาประถมศึกษาเชียงใหม่ เขต 2,ตําบลบ้านท้อ,อําเภอสันทราย,เชียงใหม่,50210
308,ปี 2567,7-50210-005,โรงเรียนชลประทานเขื่อนแม่กวงจิราธิวัฒนอุปภรณ์,สํานักงานเขตพื้นที่การศึกษาประถมศึกษาเชียงใหม่ เขต 2,ตําบลหนองแหย่ง,อําเภอสันทราย,เชียงใหม่,50210
309,ปี 2568,7-50210-006,โรงเรียนวัดสันคะยอม,สํานักงานเขตพื้นที่การศึกษาประถมศึกษาเชียงใหม่ เขต 2,ตําบลสันทรายน้อย,อําเภอสันทราย,เชียงใหม่,50210
310,ปี 2568,7-50210-007,โรงเรียนวีรยาเชียงใหม่,สำนักงานคณะกรรมการส่งเสริมการศึกษาเอกชน,ตําบลสันทรายหลวง,อําเภอสันทราย,เชียงใหม่,50210
311,ปี 2568,7-50210-008,โรงเรียนอนุบาลวัยดรุณ,สำนักงานคณะกรรมการส่งเสริมการศึกษาเอกชน,ตําบลหนองจ๊อม,อําเภอสันทราย,เชียงใหม่,50320
312,ปี 2568,7-50210-009,โรงเรียนบ้านโปง,สํานักงานเขตพื้นที่การศึกษาประถมศึกษาเชียงใหม่ เขต 2,ตําบลป่าไผ,อําเภอสันทราย,เชียงใหม่,50210
313,ปี 2568,7-50210-010,โรงเรียนบ้านหนองไคร,สํานักงานเขตพื้นที่การศึกษาประถมศึกษาเชียงใหม่ เขต 2,ตําบลหนองจ๊อม,อําเภอสันทราย,เชียงใหม่,50210
314,ปี 2568,7-50210-011,โรงเรียนบ้านหลักปน,สํานักงานเขตพื้นที่การศึกษาประถมศึกษาเชียงใหม่ เขต 2,ตําบลสันนาเม็ง,อําเภอสันทราย,เชียงใหม่,50210
315,ปี 2568,7-50210-012,โรงเรียนบ้านศรีบุญเรือง,สํานักงานเขตพื้นที่การศึกษาประถมศึกษาเชียงใหม่ เขต 2,ตําบลป่าไผ,อําเภอสันทราย,เชียงใหม่,50210
316,ปี 2568,7-50210-013,โรงเรียนบ้านหัวฝาย,สํานักงานเขตพื้นที่การศึกษาประถมศึกษาเชียงใหม่ เขต 2,ตําบลเมืองเล็น,อําเภอสันทราย,เชียงใหม่,50210
317,ปี 2568,7-50210-014,โรงเรียนบ้านเมืองขอน,สํานักงานเขตพื้นที่การศึกษาประถมศึกษาเชียงใหม่ เขต 2,ตําบลป่าไผ,อําเภอสันทราย,เชียงใหม่,50210
318,ปี 2568,7-50210-015,โรงเรียนบ้านบวกเปา,สํานักงานเขตพื้นที่การศึกษาประถมศึกษาเชียงใหม่ เขต 2,ตําบลหนองแหย่ง,อําเภอสันทราย,เชียงใหม่,50210
319,ปี 2568,7-50210-016,โรงเรียนบ้านป่ากาง,สํานักงานเขตพื้นที่การศึกษาประถมศึกษาเชียงใหม่ เขต 2,ตําบลสันป่าเปา,อําเภอสันทราย,เชียงใหม่,50210
320,ปี 2568,7-50210-017,โรงเรียนบ้านสันพระเนตร,สํานักงานเขตพื้นที่การศึกษาประถมศึกษาเชียงใหม่ เขต 2,ตําบลสันพระเนตร,อําเภอสันทราย,เชียงใหม่,50210
321,ปี 2568,7-50210-018,โรงเรียนอนุบาลเทศบาลตําบลหนองแหยง,กรมส่งเสริมการปกครองท้องถิ่น,ตําบลหนองแหย่ง,อําเภอสันทราย,เชียงใหม่,50210
322,ปี 2568,7-50210-019,โรงเรียนบ้านสันศรี,สํานักงานเขตพื้นที่การศึกษาประถมศึกษาเชียงใหม่ เขต 2,ตําบลสันพระเนตร,อําเภอสันทราย,เชียงใหม่,50210
323,ปี 2568,7-50210-020,โรงเรียนบ้านท่ามะเกี๋ยง,สํานักงานเขตพื้นที่การศึกษาประถมศึกษาเชียงใหม่ เขต 2,ตําบลสันทราย,อําเภอสันทราย,เชียงใหม่,50210
324,ปี 2568,7-50210-021,โรงเรียนวัดสันทรายมูล,สํานักงานเขตพื้นที่การศึกษาประถมศึกษาเชียงใหม่ เขต 2,ตําบลสันทรายน้อย,อําเภอสันทราย,เชียงใหม่,50210
325,ปี 2568,7-50210-022,โรงเรียนสวนองุนเชียงใหม่,สำนักงานคณะกรรมการส่งเสริมการศึกษาเอกชน,ตําบลสันทรายน้อย,อําเภอสันทราย,เชียงใหม่,50210
326,ปี 2546,7-50220-001,โรงเรียนบ้านตลาดขี้เหล็ก,สํานักงานเขตพื้นที่การศึกษาประถมศึกษาเชียงใหม่ เขต 1,ตําบลแม่โป่ง,อําเภอดอยสะเก็ด,เชียงใหม่,50220
327,ปี 2546,7-50220-002,โรงเรียนบ้านแม่โปงสามัคคี,สํานักงานเขตพื้นที่การศึกษาประถมศึกษาเชียงใหม่ เขต 1,ตําบลแม่โป่ง,อําเภอดอยสะเก็ด,เชียงใหม่,50220
328,ปี 2546,7-50220-003,"โรงเรียนชลประทานผาแตก
(ปญญาพลอุปถัมถ)",สํานักงานเขตพื้นที่การศึกษาประถมศึกษาเชียงใหม่ เขต 1,ตําบลลวงเหนือ,อําเภอดอยสะเก็ด,เชียงใหม่,50220
329,ปี 2546,7-50220-004,โรงเรียนบ้านป่าไมแดง,สํานักงานเขตพื้นที่การศึกษาประถมศึกษาเชียงใหม่ เขต 1,ตําบลป่าป้อง,อําเภอดอยสะเก็ด,เชียงใหม่,50220
330,ปี 2555,7-50220-005,โรงเรียนดอยสะเก็ดวิทยาคม,สํานักงานเขตพื้นที่การศึกษามัธยมศึกษาเชียงใหม่,ตําบลเชิงดอย,อําเภอดอยสะเก็ด,เชียงใหม่,50220
331,ปี 2562,7-50220-006,โรงเรียนบ้านป่าเหมือด,สํานักงานเขตพื้นที่การศึกษาประถมศึกษาเชียงใหม่ เขต 1,ตําบลสําราษราษฎร,อําเภอดอยสะเก็ด,เชียงใหม่,50220
332,ปี 2562,7-50220-007,ศูนย์ส่งเสริมการเรียนรู้ระดับอําเภอดอยสะเก็ต,สํานักงานส่งเสริมการเรียนรู้ประจําจังหวัดเชียงใหม่ (สกร.),ตําบลเชิงดอย,อําเภอดอยสะเก็ด,เชียงใหม่,50220
333,ปี 2563,7-50220-008,โรงเรียนอนุบาลเทศบาลตําบลแม่คือ,กรมส่งเสริมการปกครองท้องถิ่น,ตําบลแม่คือ,อําเภอดอยสะเก็ด,เชียงใหม่,50220
334,ปี 2568,7-50220-009,โรงเรียนบ้านบอหิน,สํานักงานเขตพื้นที่การศึกษาประถมศึกษาเชียงใหม่ เขต 1,ตําบลตลาดขวัญ,อําเภอดอยสะเก็ด,เชียงใหม่,50220
335,ปี 2568,7-50220-010,โรงเรียนอนุบาลวิลาวัลย,สำนักงานคณะกรรมการส่งเสริมการศึกษาเอกชน,ตําบลลวงเหนือ,อําเภอดอยสะเก็ด,เชียงใหม่,50220
336,ปี 2568,7-50220-011,โรงเรียนเทพเสด็จวิทยา,สํานักงานเขตพื้นที่การศึกษาประถมศึกษาเชียงใหม่ เขต 1,ตําบลเทพเสด็จ,อําเภอดอยสะเก็ด,เชียงใหม่,50220
337,ปี 2568,7-50220-012,โรงเรียนเพื่อชีวิตเชียงใหม่,สำนักงานคณะกรรมการส่งเสริมการศึกษาเอกชน,ตําบลป่าเมี่ยง,อําเภอดอยสะเก็ด,เชียงใหม่,50220
338,ปี 2568,7-50220-013,โรงเรียนอนุบาลจันทโชติ,สำนักงานคณะกรรมการส่งเสริมการศึกษาเอกชน,ตําบลแม่โป่ง,อําเภอดอยสะเก็ด,เชียงใหม่,50220
339,ปี 2568,7-50220-014,โรงเรียนบ้านปางน้ำถุ,สํานักงานเขตพื้นที่การศึกษาประถมศึกษาเชียงใหม่ เขต 1,ตําบลป่าเมี่ยง,อําเภอดอยสะเก็ด,เชียงใหม่,50220
340,ปี 2568,7-50220-015,โรงเรียนบ้านโป่งกุม,สํานักงานเขตพื้นที่การศึกษาประถมศึกษาเชียงใหม่ เขต 1,ตําบลป่าเมี่ยง,อําเภอดอยสะเก็ด,เชียงใหม่,50220
341,ปี 2568,7-50220-016,โรงเรียนบ้านรองขี้เหล็ก,สํานักงานเขตพื้นที่การศึกษาประถมศึกษาเชียงใหม่ เขต 1,ตําบลเชิงดอย,อําเภอดอยสะเก็ด,เชียงใหม่,50220
342,ปี 2568,7-50220-017,โรงเรียนบ้านแม่หวาน,สํานักงานเขตพื้นที่การศึกษาประถมศึกษาเชียงใหม่ เขต 1,ตําบลป่าเมี่ยง,อําเภอดอยสะเก็ด,เชียงใหม่,50220
343,ปี 2568,7-50220-018,โรงเรียนบ้านป่าเสรา,สํานักงานเขตพื้นที่การศึกษาประถมศึกษาเชียงใหม่ เขต 1,ตําบลสันปูเลย,อําเภอดอยสะเก็ด,เชียงใหม่,50220
344,ปี 2568,7-50220-019,โรงเรียนบ้านปางแดง,สํานักงานเขตพื้นที่การศึกษาประถมศึกษาเชียงใหม่ เขต 1,ตําบลป่าเมี่ยง,อําเภอดอยสะเก็ด,เชียงใหม่,50220
345,ปี 2568,7-50220-020,โรงเรียนเทศบาลตําบลตลาดใหญ่,กรมส่งเสริมการปกครองท้องถิ่น,ตําบลตลาดใหญ่,อําเภอดอยสะเก็ด,เชียงใหม่,50220
346,ปี 2568,7-50220-021,โรงเรียนบ้านป่าขุย,สํานักงานเขตพื้นที่การศึกษาประถมศึกษาเชียงใหม่ เขต 1,ตําบลสันปูเลย,อําเภอดอยสะเก็ด,เชียงใหม่,50220
347,ปี 2568,7-50220-022,โรงเรียนบ้านแม่ดอกแดง,สํานักงานเขตพื้นที่การศึกษาประถมศึกษาเชียงใหม่ เขต 1,ตําบลเชิงดอย,อําเภอดอยสะเก็ด,เชียงใหม่,50220
348,ปี 2568,7-50220-023,โรงเรียนบ้านป่างิ้ว,สํานักงานเขตพื้นที่การศึกษาประถมศึกษาเชียงใหม่ เขต 1,ตําบลสงาบ้าน,อําเภอดอยสะเก็ด,เชียงใหม่,50220
349,ปี 2568,7-50220-024,โรงเรียนบ้านเชิงดอย (ดอยสะเก็ตศึกษา),สํานักงานเขตพื้นที่การศึกษาประถมศึกษาเชียงใหม่ เขต 1,ตําบลเชิงดอย,อําเภอดอยสะเก็ด,เชียงใหม่,50220
350,ปี 2568,7-50220-025,โรงเรียนอนุบาลเทศบาลตําบลสันปูเลย,กรมส่งเสริมการปกครองท้องถิ่น,ตําบลสันปูเลย,อําเภอดอยสะเก็ด,เชียงใหม่,50220
351,ปี 2569,7-50220-026,โรงเรียนอนุบาลสุมาลี,สำนักงานคณะกรรมการส่งเสริมการศึกษาเอกชน,ตําบลตลาดใหญ่,อําเภอดอยสะเก็ด,เชียงใหม่,50220
352,ปี 2548,7-50230-001,โรงเรียนบ้านไร,สํานักงานเขตพื้นที่การศึกษาประถมศึกษาเชียงใหม่ เขต 4,ตําบลบ้านแหวน,อําเภอหางดง,เชียงใหม่,50230
353,ปี 2554,7-50230-002,โรงเรียนต้นแกวผดุงพิทยาลัย,กรมส่งเสริมการปกครองท้องถิ่น,ตําบลขุนคง,อําเภอหางดง,เชียงใหม่,50230
354,ปี 2555,7-50230-003,โรงเรียนหางดงรัฐราษฎรอุปภรณ์,สํานักงานเขตพื้นที่การศึกษามัธยมศึกษาเชียงใหม่,ตําบลหางดง,อําเภอหางดง,เชียงใหม่,50230
355,ปี 2560,7-50230-004,โรงเรียนบ้านแสนตอ,สํานักงานเขตพื้นที่การศึกษาประถมศึกษาเชียงใหม่ เขต 4,ตําบลน้ำแพร,อําเภอหางดง,เชียงใหม่,50230
356,ปี 2562,7-50230-005,โรงเรียนบ้านทาวบุญเรือง,สํานักงานเขตพื้นที่การศึกษาประถมศึกษาเชียงใหม่ เขต 4,ตําบลบ้านแหวน,อําเภอหางดง,เชียงใหม่,50230
357,ปี 2562,7-50230-006,ศูนย์ส่งเสริมการเรียนรู้ระดับอําเภอหางดง,สํานักงานส่งเสริมการเรียนรู้ประจําจังหวัดเชียงใหม่ (สกร.),ตําบลหางดง,อําเภอหางดง,เชียงใหม่,50230
358,ปี 2563,7-50230-007,โรงเรียนวัดศรีลอม,สํานักงานเขตพื้นที่การศึกษาประถมศึกษาเชียงใหม่ เขต 4,ตําบลหารแก้ว,อําเภอหางดง,เชียงใหม่,50230
359,ปี 2564,7-50230-008,โรงเรียนบ้านแม่งูด,สํานักงานเขตพื้นที่การศึกษาประถมศึกษาเชียงใหม่ เขต 4,ตําบลนาคอเรือ,อําเภอฮอด,เชียงใหม่,50230
360,ปี 2565,7-50230-009,"โรงเรียนเทศบาลหางดง
(ประชาคมสรางสรรค)",กรมส่งเสริมการปกครองท้องถิ่น,ตําบลหางดง,อําเภอหางดง,เชียงใหม่,50230
361,ปี 2566,7-50230-010,โรงเรียนอนุบาลพัฒนชัย,สำนักงานคณะกรรมการส่งเสริมการศึกษาเอกชน,ตําบลสันผักหวาน,อําเภอหางดง,เชียงใหม่,50230
362,ปี 2568,7-50230-011,โรงเรียนอนุบาลซันชายน,สำนักงานคณะกรรมการส่งเสริมการศึกษาเอกชน,ตําบลหนองควาย,อําเภอหางดง,เชียงใหม่,50230
363,ปี 2568,7-50230-012,โรงเรียนนานาชาติบริติช คอน คอรแดนซ,สำนักงานคณะกรรมการส่งเสริมการศึกษาเอกชน,ตําบลหนอควาย,อําเภอหางดง,เชียงใหม่,50230
364,ปี 2568,7-50230-013,โรงเรียนอนุบาลเต็มสิริวิทยา,สำนักงานคณะกรรมการส่งเสริมการศึกษาเอกชน,ตําบลน้ำแพร,อําเภอหางดง,เชียงใหม่,50230
365,ปี 2568,7-50230-014,โรงเรียนนันทชาติเกรดสคูล,สำนักงานคณะกรรมการส่งเสริมการศึกษาเอกชน,ตําบลหนองควาย,อําเภอหางดง,เชียงใหม่,50230
366,ปี 2568,7-50230-015,โรงเรียนบ้านฟอน,สํานักงานเขตพื้นที่การศึกษาประถมศึกษาเชียงใหม่ เขต 4,ตําบลหนองควาย,อําเภอหางดง,เชียงใหม่,50230
367,ปี 2568,7-50230-016,โรงเรียนบ้านน้ำแพร,สํานักงานเขตพื้นที่การศึกษาประถมศึกษาเชียงใหม่ เขต 4,ตําบลหางดง,อําเภอหางดง,เชียงใหม่,50230
368,ปี 2568,7-50230-017,โรงเรียนอนุบาลเทศบาลตําบล หนองควาย,กรมส่งเสริมการปกครองท้องถิ่น,ตําบลหนองควาย,อําเภอหางดง,เชียงใหม่,50230
369,ปี 2556,7-50240-001,โรงเรียนฮอดพิทยาคม,สํานักงานเขตพื้นที่การศึกษามัธยมศึกษาเชียงใหม่,ตําบลหางดง,อําเภอฮอด,เชียงใหม่,50240
370,ปี 2559,7-50240-002,โรงเรียนวัดบ้านขุนเตรียมพุทธ ศาสตร,สํานักงานพระพุทธศาสนาแห่งชาติ,ตําบลบ่อหลวง,อําเภอฮอด,เชียงใหม่,50240
371,ปี 2562,7-50240-003,โรงเรียนแม่โถวิทยาคม,สํานักงานเขตพื้นที่การศึกษาประถมศึกษาเชียงใหม่ เขต 4,ตําบลบ่อสลี,อําเภอฮอด,เชียงใหม่,50240
372,ปี 2563,7-50240-004,โรงเรียนบ้านวังกอง,สํานักงานเขตพื้นที่การศึกษาประถมศึกษาเชียงใหม่ เขต 5,ตําบลบ่อหลวง,อําเภอฮอด,เชียงใหม่,50240
373,ปี 2564,7-50240-005,โรงเรียนบ้านแม่ลอง,สํานักงานเขตพื้นที่การศึกษาประถมศึกษาเชียงใหม่ เขต 5,ตําบลหางดง,อําเภอฮอด,เชียงใหม่,50240
374,ปี 2564,7-50240-006,โรงเรียนบ้านนาฟอน,สํานักงานเขตพื้นที่การศึกษาประถมศึกษาเชียงใหม่ เขต 5,ตําบลบ่อหลวง,อําเภอฮอด,เชียงใหม่,50240
375,ปี 2564,7-50240-007,โรงเรียนศูนย์อพยพแปลง 8,สํานักงานเขตพื้นที่การศึกษาประถมศึกษาเชียงใหม่ เขต 5,ตําบลท่าเดื่อ,อําเภอดอยเต่า,เชียงใหม่,50240
376,ปี 2564,7-50240-008,โรงเรียนบ้านทุ่งโปง,สํานักงานเขตพื้นที่การศึกษาประถมศึกษาเชียงใหม่ เขต 5,ตําบลบ้านตาล,อําเภอฮอด,เชียงใหม่,50240
377,ปี 2564,7-50240-009,โรงเรียนบ้านกองลอย,สํานักงานเขตพื้นที่การศึกษาประถมศึกษาเชียงใหม่ เขต 5,ตําบลบ่อสลี,อําเภออมก๋อย,เชียงใหม่,50240
378,ปี 2567,7-50240-010,โรงเรียนบ้านทุ่ง,สํานักงานเขตพื้นที่การศึกษาประถมศึกษาเชียงใหม่ เขต 5,ตําบลบ่อสลี,อําเภอฮอด,เชียงใหม่,50240
379,ปี 2568,7-50240-011,โรงเรียนบ้านผาแตน,สํานักงานเขตพื้นที่การศึกษาประถมศึกษาเชียงใหม่ เขต 5,ตําบลหางดง,อําเภอฮอด,เชียงใหม่,50240
380,ปี 2564,7-50240-012,ศูนย์ส่งเสริมการเรียนรู้ระดับอําเภอฮอด,สํานักงานส่งเสริมการเรียนรู้ประจําจังหวัดเชียงใหม่ (สกร.),ตําบลหางดง,อําเภอฮอด,เชียงใหม่,50240
381,ปี 2568,7-50240-013,โรงเรียนบ้านดอยคํา,สํานักงานเขตพื้นที่การศึกษาประถมศึกษาเชียงใหม่ เขต 5,ตําบลหางดง,อําเภอฮอด,เชียงใหม่,50240
382,ปี 2568,7-50240-014,โรงเรียนชุมชนบ้านท่าขาม,สํานักงานเขตพื้นที่การศึกษาประถมศึกษาเชียงใหม่ เขต 5,ตําบลหางดง,อําเภอฮอด,เชียงใหม่,50240
383,ปี 2568,7-50240-015,โรงเรียนบ้านแม่อมลอง,สํานักงานเขตพื้นที่การศึกษาประถมศึกษาเชียงใหม่ เขต 5,ตําบลบ่อสลี,อําเภอฮอด,เชียงใหม่,50240
384,ปี 2568,7-50240-016,โรงเรียนบ้านนาคอเรือ,สํานักงานเขตพื้นที่การศึกษาประถมศึกษาเชียงใหม่ เขต 5,ตําบลนาคอเรือ,อําเภอฮอด,เชียงใหม่,50240
385,ปี 2568,7-50240-017,โรงเรียนบ้านตาลใต,สํานักงานเขตพื้นที่การศึกษาประถมศึกษาเชียงใหม่ เขต 5,ตําบลบ้านตาล,อําเภอฮอด,เชียงใหม่,50240
386,ปี 2568,7-50240-018,โรงเรียนบ้านวังลุง (เพชรประชานุ เคราะห),สํานักงานเขตพื้นที่การศึกษาประถมศึกษาเชียงใหม่ เขต 5,ตําบลหางดง,อําเภอฮอด,เชียงใหม่,50240
387,ปี 2568,7-50240-019,โรงเรียนบ้านบอหลวง,สํานักงานเขตพื้นที่การศึกษาประถมศึกษาเชียงใหม่ เขต 5,ตําบลบ่อหลวง,อําเภอฮอด,เชียงใหม่,50240
388,ปี 2568,7-50240-020,โรงเรียนบ้านบอสลี,สํานักงานเขตพื้นที่การศึกษาประถมศึกษาเชียงใหม่ เขต 5,ตําบลบ่อสลี,อําเภอฮอด,เชียงใหม่,50240
389,ปี 2568,7-50240-021,โรงเรียนบ้านหางดง,สํานักงานเขตพื้นที่การศึกษาประถมศึกษาเชียงใหม่ เขต 5,ตําบลหางดง,อําเภอฮอด,เชียงใหม่,50240
390,ปี 2568,7-50240-022,โรงเรียนบ้านแม่ลายเหนือ,สํานักงานเขตพื้นที่การศึกษาประถมศึกษาเชียงใหม่ เขต 5,ตําบลบ่อหลวง,อําเภอฮอด,เชียงใหม่,50240
391,ปี 2568,7-50240-023,โรงเรียนบ้านพุย,สํานักงานเขตพื้นที่การศึกษาประถมศึกษาเชียงใหม่ เขต 5,ตําบลบ่อหลวง,อําเภอฮอด,เชียงใหม่,50240
392,ปี 2568,7-50240-024,โรงเรียนบ้านแควมะกอก,สํานักงานเขตพื้นที่การศึกษาประถมศึกษาเชียงใหม่ เขต 5,ตําบลฮอด,อําเภอฮอด,เชียงใหม่,50240
393,ปี 2568,7-50240-025,โรงเรียนบ้านเตียนอาง,สํานักงานเขตพื้นที่การศึกษาประถมศึกษาเชียงใหม่ เขต 5,ตําบลบ่อหลวง,อําเภอฮอด,เชียงใหม่,50240
394,ปี 2568,7-50240-026,โรงเรียนบ้านขุน,สํานักงานเขตพื้นที่การศึกษาประถมศึกษาเชียงใหม่ เขต 5,ตําบลบ่อหลวง,อําเภอฮอด,เชียงใหม่,50240
395,ปี 2568,7-50240-027,โรงเรียนบ้านกิ่วลม,สํานักงานเขตพื้นที่การศึกษาประถมศึกษาเชียงใหม่ เขต 5,ตําบลบ่อหลวง,อําเภอฮอด,เชียงใหม่,50240
396,ปี 2568,7-50240-028,โรงเรียนบ้านตาลเหนือ,สํานักงานเขตพื้นที่การศึกษาประถมศึกษาเชียงใหม่ เขต 5,ตําบลบ้านตาล,อําเภอฮอด,เชียงใหม่,50240
397,ปี 2568,7-50240-029,โรงเรียนชุมชนบ้านแม่ทัง,สํานักงานเขตพื้นที่การศึกษาประถมศึกษาเชียงใหม่ เขต 5,ตําบลหางดง,อําเภอฮอด,เชียงใหม่,50240
398,ปี 2568,7-50240-030,โรงเรียนบ้านแปะ,สํานักงานเขตพื้นที่การศึกษาประถมศึกษาเชียงใหม่ เขต 6,ตําบลบ้านแปะ,อําเภอจอมทอง,เชียงใหม่,50240
399,ปี 2568,7-50240-031,โรงเรียนบ้านห้วยทราย,สํานักงานเขตพื้นที่การศึกษาประถมศึกษาเชียงใหม่ เขต 6,ตําบลบ้านแปะ,อําเภอจอมทอง,เชียงใหม่,50240
400,ปี 2568,7-50240-032,โรงเรียนบ้านห้วยมวงฝงซาย,สํานักงานเขตพื้นที่การศึกษาประถมศึกษาเชียงใหม่ เขต 6,ตําบลแม่สอย,อําเภอจอมทอง,เชียงใหม่,50240
401,ปี 2568,7-50240-033,โรงเรียนบ้านบนนา,สํานักงานเขตพื้นที่การศึกษาประถมศึกษาเชียงใหม่ เขต 6,ตําบลบ้านแปะ,อําเภอจอมทอง,เชียงใหม่,50240
402,ปี 2568,7-50240-034,โรงเรียนบ้านท่าขาม,สํานักงานเขตพื้นที่การศึกษาประถมศึกษาเชียงใหม่ เขต 6,ตําบลบ้านแปะ,อําเภอจอมทอง,เชียงใหม่,50240
403,ปี 2568,7-50240-035,โรงเรียนบ้านสบแปะ,สํานักงานเขตพื้นที่การศึกษาประถมศึกษาเชียงใหม่ เขต 6,ตําบลบ้านแปะ,อําเภอจอมทอง,เชียงใหม่,50240
404,ปี 2568,7-50240-036,โรงเรียนบ้านแม่สอย,สํานักงานเขตพื้นที่การศึกษาประถมศึกษาเชียงใหม่ เขต 6,ตําบลแม่สอย,อําเภอจอมทอง,เชียงใหม่,50240
405,ปี 2568,7-50240-037,โรงเรียนบ้านขุนแปะ,สํานักงานเขตพื้นที่การศึกษาประถมศึกษาเชียงใหม่ เขต 6,ตําบลบ้านแปะ,อําเภอจอมทอง,เชียงใหม่,50240
406,ปี 2568,7-50240-038,โรงเรียนบ้านหนองคัน,สํานักงานเขตพื้นที่การศึกษาประถมศึกษาเชียงใหม่ เขต 6,ตําบลแม่สอย,อําเภอจอมทอง,เชียงใหม่,50240
407,ปี 2568,7-50240-039,โรงเรียนบ้านดงคํา,สํานักงานเขตพื้นที่การศึกษาประถมศึกษาเชียงใหม่ เขต 5,ตําบลฮอด,อําเภอฮอด,เชียงใหม่,50240
408,ปี 2568,7-50240-040,โรงเรียนบ้านกองหิน,สํานักงานเขตพื้นที่การศึกษาประถมศึกษาเชียงใหม่ เขต 5,ตําบลหางดง,อําเภอฮอด,เชียงใหม่,50240
409,ปี 2568,7-50240-041,โรงเรียนบ้านโรงวัว,สํานักงานเขตพื้นที่การศึกษาประถมศึกษาเชียงใหม่ เขต 6,ตําบลแม่สอย,อําเภอจอมทอง,เชียงใหม่,50240
410,ปี 2568,7-50240-042,โรงเรียนบ้านใหมสารภี,สํานักงานเขตพื้นที่การศึกษาประถมศึกษาเชียงใหม่ เขต 6,ตําบลแม่สอย,อําเภอจอมทอง,เชียงใหม่,50240
411,ปี 2568,7-50240-043,โรงเรียนบ้านสบแจ่มฝงซาย,สํานักงานเขตพื้นที่การศึกษาประถมศึกษาเชียงใหม่ เขต 6,ตําบลบ้านแปะ,อําเภอจอมทอง,เชียงใหม่,50240
412,ปี 2568,7-50240-044,โรงเรียนบ้านเดนวิทยา,สํานักงานเขตพื้นที่การศึกษาประถมศึกษาเชียงใหม่ เขต 5,ตําบลนาคอเรือ,อําเภอฮอด,เชียงใหม่,50240
413,ปี 2568,7-50240-045,โรงเรียนบ้านตีนตก,สํานักงานเขตพื้นที่การศึกษาประถมศึกษาเชียงใหม่ เขต 5,ตําบลนาคอเรือ,อําเภอฮอด,เชียงใหม่,50240
414,ปี 2568,7-50240-046,โรงเรียนบ้านดอกแดง,สํานักงานเขตพื้นที่การศึกษาประถมศึกษาเชียงใหม่ เขต 5,ตําบลบ่อสลี,อําเภอฮอด,เชียงใหม่,50240
415,ปี 2568,7-50240-047,โรงเรียนบ้านแม่ลาย,สํานักงานเขตพื้นที่การศึกษาประถมศึกษาเชียงใหม่ เขต 5,ตําบลบ่อหลวง,อําเภอฮอด,เชียงใหม่,50240
416,ปี 2568,7-50240-048,โรงเรียนบ้านแม่สะนาม,สํานักงานเขตพื้นที่การศึกษาประถมศึกษาเชียงใหม่ เขต 5,ตําบลบ่อหลวง,อําเภอฮอด,เชียงใหม่,50240
417,ปี 2568,7-50240-049,โรงเรียนบ้านโคงงาม,สํานักงานเขตพื้นที่การศึกษาประถมศึกษาเชียงใหม่ เขต 5,ตําบลหางดง,อําเภอฮอด,เชียงใหม่,50240
418,ปี 2556,7-50250-001,โรงเรียนบ้านปางขุม,สํานักงานเขตพื้นที่การศึกษาประถมศึกษาเชียงใหม่ เขต 2,ตําบลยั้งเมิน,อําเภอสะเมิง,เชียงใหม่,50250
419,ปี 2562,7-50250-002,โรงเรียนทรายทองราษฎรอุทิศ,สํานักงานเขตพื้นที่การศึกษาประถมศึกษาเชียงใหม่ เขต 2,ตําบลสะเมิงใต,อําเภอสะเมิง,เชียงใหม่,50250
420,ปี 2564,7-50250-003,โรงเรียนบ้านกิ่วเสือ,สํานักงานเขตพื้นที่การศึกษาประถมศึกษาเชียงใหม่ เขต 2,ตําบลยั้งเมิน,อําเภอสะเมิง,เชียงใหม่,50250
421,ปี 2565,7-50250-004,ศูนย์ส่งเสริมการเรียนรู้ระดับอําเภอสะเมิง,สํานักงานส่งเสริมการเรียนรู้ประจําจังหวัดเชียงใหม่ (สกร.),ตําบลสะเมิงใต,อําเภอสะเมิง,เชียงใหม่,50250
422,ปี 2567,7-50250-005,โรงเรียนบ้านแม่โต,สํานักงานเขตพื้นที่การศึกษาประถมศึกษาเชียงใหม่ เขต 2,ตําบลบ่อแก้ว,อําเภอสะเมิง,เชียงใหม่,50250
423,ปี 2568,7-50250-006,โรงเรียนวัดปางเติม,สํานักงานเขตพื้นที่การศึกษาประถมศึกษาเชียงใหม่ เขต 2,ตําบลแม่สาบ,อําเภอสะเมิง,เชียงใหม่,50250
424,ปี 2568,7-50250-007,โรงเรียนวัดบ้านปอก,สํานักงานเขตพื้นที่การศึกษาประถมศึกษาเชียงใหม่ เขต 2,ตําบลสะเมิงเหนือ,อําเภอสะเมิง,เชียงใหม่,50250
425,ปี 2568,7-50250-008,โรงเรียนบ้านป่าลาน,สํานักงานเขตพื้นที่การศึกษาประถมศึกษาเชียงใหม่ เขต 2,ตําบลสะเมิงเหนือ,อําเภอสะเมิง,เชียงใหม่,50250
426,ปี 2568,7-50250-009,โรงเรียนสะเมิงพิทยาคม,สํานักงานเขตพื้นที่การศึกษามัธยมศึกษาเชียงใหม่,ตําบลสะเมิงใต,อําเภอสะเมิง,เชียงใหม่,50250
427,ปี 2568,7-50250-010,โรงเรียนวัดปางเติม สาขาบ้านขุน สาบ,สํานักงานเขตพื้นที่การศึกษาประถมศึกษาเชียงใหม่ เขต 2,ตําบลแม่สาบ,อําเภอสะเมิง,เชียงใหม่,50250
428,ปี 2568,7-50250-011,โรงเรียนวัดยั้งเมิน,สํานักงานเขตพื้นที่การศึกษาประถมศึกษาเชียงใหม่ เขต 2,ตําบลยั้งเมิน,อําเภอสะเมิง,เชียงใหม่,50250
429,ปี 2568,7-50250-012,โรงเรียนบ้านบอแกว,สํานักงานเขตพื้นที่การศึกษาประถมศึกษาเชียงใหม่ เขต 2,ตําบลบ่อแก้ว,อําเภอสะเมิง,เชียงใหม่,50250
430,ปี 2568,7-50250-013,โรงเรียนบ้านแม่ยางหา,สํานักงานเขตพื้นที่การศึกษาประถมศึกษาเชียงใหม่ เขต 2,ตําบลบ่อแก้ว,อําเภอสะเมิง,เชียงใหม่,50250
431,ปี 2568,7-50250-014,โรงเรียนบ้านแม่ยางหา สาขาบ้าน เดนฮอม,สํานักงานเขตพื้นที่การศึกษาประถมศึกษาเชียงใหม่ เขต 2,ตําบลบ่อแก้ว,อําเภอสะเมิง,เชียงใหม่,50250
432,ปี 2568,7-50250-015,โรงเรียนชุมชนบ้านดง,สํานักงานเขตพื้นที่การศึกษาประถมศึกษาเชียงใหม่ เขต 2,ตําบลสะเมิงใต,อําเภอสะเมิง,เชียงใหม่,50250
433,ปี 2568,7-50250-016,โรงเรียนวัดงิ้วเฒา,สํานักงานเขตพื้นที่การศึกษาประถมศึกษาเชียงใหม่ เขต 2,ตําบลแม่สาบ,อําเภอสะเมิง,เชียงใหม่,50250
434,ปี 2568,7-50250-017,โรงเรียนบ้านแม่ลานคํา,สํานักงานเขตพื้นที่การศึกษาประถมศึกษาเชียงใหม่ เขต 2,ตําบลสะเมิงใต,อําเภอสะเมิง,เชียงใหม่,50250
435,ปี 2568,7-50250-018,โรงเรียนบ้านนากู,สํานักงานเขตพื้นที่การศึกษาประถมศึกษาเชียงใหม่ เขต 2,ตําบลแม่สาบ,อําเภอสะเมิง,เชียงใหม่,50250
436,ปี 2568,7-50250-019,โรงเรียนบ้านแม่ขะปู,สํานักงานเขตพื้นที่การศึกษาประถมศึกษาเชียงใหม่ เขต 2,ตําบลบ่อแก้ว,อําเภอสะเมิง,เชียงใหม่,50250
437,ปี 2568,7-50250-020,โรงเรียนบ้านห้วยน้ำจาง,สํานักงานเขตพื้นที่การศึกษาประถมศึกษาเชียงใหม่ เขต 2,ตําบลบ่อแก้ว,อําเภอสะเมิง,เชียงใหม่,50250
438,ปี 2568,7-50250-021,โรงเรียนบ้านแม่แว,สํานักงานเขตพื้นที่การศึกษาประถมศึกษาเชียงใหม่ เขต 2,ตําบลยั้งเมิน,อําเภอสะเมิง,เชียงใหม่,50250
439,ปี 2568,7-50250-022,โรงเรียนบ้านแม่ลานคํา สาขา บ้านป่าคานอก,สํานักงานเขตพื้นที่การศึกษาประถมศึกษาเชียงใหม่ เขต 2,ตําบลสะเมิงใต,อําเภอสะเมิง,เชียงใหม่,50250
440,ปี 2568,7-50250-023,โรงเรียนชุมชนบ้านแม่สาบ,สํานักงานเขตพื้นที่การศึกษาประถมศึกษาเชียงใหม่ เขต 2,ตําบลสะเมิงใต,อําเภอสะเมิง,เชียงใหม่,50250
441,ปี 2553,7-50250-033/04-ตชด.,โรงเรียนรัปปาปอรต (ตชด. บํารุง ที่ 92),สํานักงานเขตพื้นที่การศึกษาประถมศึกษาเชียงใหม่ เขต 2,ตําบลบ่อแก้ว,อําเภอสะเมิง,เชียงใหม่,50250
442,ปี 2563,7-50260-001,โรงเรียนดอยเต่าวิทยาคม,สํานักงานเขตพื้นที่การศึกษามัธยมศึกษาเชียงใหม่,ตําบลท่าเดื่อ,อําเภอดอยเต่า,เชียงใหม่,50260
443,ปี 2564,7-50260-002,โรงเรียนชุมชนบ้านดอยเต่า,สํานักงานเขตพื้นที่การศึกษาประถมศึกษาเชียงใหม่ เขต 5,ตําบลดอยเต่า,อําเภอดอยเต่า,เชียงใหม่,50260
444,ปี 2564,7-50260-003,โรงเรียนบ้านแปลง 5,สํานักงานเขตพื้นที่การศึกษาประถมศึกษาเชียงใหม่ เขต 5,ตําบลท่าเดื่อ,อําเภอดอยเต่า,เชียงใหม่,50260
445,ปี 2568,7-50260-004,โรงเรียนบ้านวังหลวง,สํานักงานเขตพื้นที่การศึกษาประถมศึกษาเชียงใหม่ เขต 5,ตําบลท่าเดื่อ,อําเภอดอยเต่า,เชียงใหม่,50260
446,ปี 2568,7-50260-005,โรงเรียนชุมชนศูนย์อพยพแปลง 4,สํานักงานเขตพื้นที่การศึกษาประถมศึกษาเชียงใหม่ เขต 5,ตําบลมืดกา,อําเภอดอยเต่า,เชียงใหม่,50260
447,ปี 2568,7-50260-006,โรงเรียนบ้านฉิมพลี,สํานักงานเขตพื้นที่การศึกษาประถมศึกษาเชียงใหม่ เขต 5,ตําบลดอยเต่า,อําเภอดอยเต่า,เชียงใหม่,50260
448,ปี 2568,7-50260-007,โรงเรียนบ้านหนองบัวคํา,สํานักงานเขตพื้นที่การศึกษาประถมศึกษาเชียงใหม่ เขต 5,ตําบลท่าเดื่อ,อําเภอดอยเต่า,เชียงใหม่,50260
449,ปี 2568,7-50260-008,โรงเรียนบ้านแปลง 2,สํานักงานเขตพื้นที่การศึกษาประถมศึกษาเชียงใหม่ เขต 5,ตําบลมืดกา,อําเภอดอยเต่า,เชียงใหม่,50260
450,ปี 2568,7-50260-009,โรงเรียนบ้านวังหมอ,สํานักงานเขตพื้นที่การศึกษาประถมศึกษาเชียงใหม่ เขต 5,ตําบลบ้านแอ่น,อําเภอดอยเต่า,เชียงใหม่,50260
451,ปี 2568,7-50260-010,โรงเรียนบ้านแอนจัดสรร,สํานักงานเขตพื้นที่การศึกษาประถมศึกษาเชียงใหม่ เขต 5,ตําบลบ้านแอ่น,อําเภอดอยเต่า,เชียงใหม่,50260
452,ปี 2568,7-50260-011,โรงเรียนบ้านหนองผักบุง,สํานักงานเขตพื้นที่การศึกษาประถมศึกษาเชียงใหม่ เขต 5,ตําบลบงตัน,อําเภอดอยเต่า,เชียงใหม่,50260
453,ปี 2568,7-50260-012,โรงเรียนบ้านโปง,สํานักงานเขตพื้นที่การศึกษาประถมศึกษาเชียงใหม่ เขต 5,ตําบลโป่งทุ่ง,อําเภอดอยเต่า,เชียงใหม่,50260
454,ปี 2568,7-50260-013,โรงเรียนบ้านโป่งทุ่ง,สํานักงานเขตพื้นที่การศึกษาประถมศึกษาเชียงใหม่ เขต 5,ตําบลโป่งทุ่ง,อําเภอดอยเต่า,เชียงใหม่,50260
455,ปี 2568,7-50260-014,โรงเรียนบ้านแม่ตูบ,สํานักงานเขตพื้นที่การศึกษาประถมศึกษาเชียงใหม่ เขต 5,ตําบลโป่งทุ่ง,อําเภอดอยเต่า,เชียงใหม่,50260
456,ปี 2568,7-50260-015,โรงเรียนบ้านสันติสุข,สํานักงานเขตพื้นที่การศึกษาประถมศึกษาเชียงใหม่ เขต 5,ตําบลดอยเต่า,อําเภอดอยเต่า,เชียงใหม่,50260
457,ปี 2568,7-50260-016,โรงเรียนบ้านเกาะหลวง,สํานักงานเขตพื้นที่การศึกษาประถมศึกษาเชียงใหม่ เขต 5,ตําบลโป่งทุ่ง,อําเภอดอยเต่า,เชียงใหม่,50260
458,ปี 2568,7-50260-017,โรงเรียนบ้านผาจุก,สํานักงานเขตพื้นที่การศึกษาประถมศึกษาเชียงใหม่ เขต 5,ตําบลดอยเต่า,อําเภอดอยเต่า,เชียงใหม่,50260
459,ปี 2568,7-50260-018,โรงเรียนบ้านถิ่นสําราญ,สํานักงานเขตพื้นที่การศึกษาประถมศึกษาเชียงใหม่ เขต 5,ตําบลดอยเต่า,อําเภอดอยเต่า,เชียงใหม่,50260
460,ปี 2568,7-50260-019,โรงเรียนบ้านไร,สํานักงานเขตพื้นที่การศึกษาประถมศึกษาเชียงใหม่ เขต 5,ตําบลดอยเต่า,อําเภอดอยเต่า,เชียงใหม่,50260
461,ปี 2568,7-50260-020,โรงเรียนบ้านโทงวิทยา,สํานักงานเขตพื้นที่การศึกษาประถมศึกษาเชียงใหม่ เขต 5,ตําบลบงตัน,อําเภอดอยเต่า,เชียงใหม่,50260
462,ปี 2568,7-50260-021,โรงเรียนบ้านบงตัน,สํานักงานเขตพื้นที่การศึกษาประถมศึกษาเชียงใหม่ เขต 5,ตําบลบงตัน,อําเภอดอยเต่า,เชียงใหม่,50260
463,ปี 2568,7-50260-022,โรงเรียนบ้านงิ้วสูง,สํานักงานเขตพื้นที่การศึกษาประถมศึกษาเชียงใหม่ เขต 5,ตําบลโป่งทุ่ง,อําเภอดอยเต่า,เชียงใหม่,50260
464,ปี 2568,7-50260-023,โรงเรียนบ้านแม่บวน,สํานักงานเขตพื้นที่การศึกษาประถมศึกษาเชียงใหม่ เขต 5,ตําบลโป่งทุ่ง,อําเภอดอยเต่า,เชียงใหม่,50260
465,ปี 2568,7-50260-024,โรงเรียนบ้านแอนใหม,สํานักงานเขตพื้นที่การศึกษาประถมศึกษาเชียงใหม่ เขต 5,ตําบลบ้านแอ่น,อําเภอดอยเต่า,เชียงใหม่,50260
466,ปี 2568,7-50260-025,โรงเรียนบ้านนอยห้วยรินวิทยา,สํานักงานเขตพื้นที่การศึกษาประถมศึกษาเชียงใหม่ เขต 5,ตําบลบงตัน,อําเภอดอยเต่า,เชียงใหม่,50260
467,ปี 2546,7-50270-001,โรงเรียนราชประชานุเคราะห 31,สํานักบริหารงานการศึกษาพิเศษ,ตําบลช่างเคิ่ง,อําเภอแม่แจ่ม,เชียงใหม่,50270
468,ปี 2561,7-50270-002,โรงเรียนแม่แจ่ม,สํานักงานเขตพื้นที่การศึกษามัธยมศึกษาเชียงใหม่,ตําบลช่างเคิ่ง,อําเภอแม่แจ่ม,เชียงใหม่,50270
469,ปี 2562,7-50270-003,โรงเรียนบ้านขุนแม่หยอด,สํานักงานเขตพื้นที่การศึกษาประถมศึกษาเชียงใหม่ เขต 5,ตําบลแม่ศึก,อําเภอแม่แจ่ม,เชียงใหม่,50270
470,ปี 2562,7-50270-004,โรงเรียนบ้านปางเกี๊ยะ,สํานักงานเขตพื้นที่การศึกษาประถมศึกษาเชียงใหม่ เขต 6,ตําบลแม่ศึก,อําเภอแม่แจ่ม,เชียงใหม่,50270
471,ปี 2562,7-50270-005,โรงเรียนองคการอุตสาหกรรมป่า ไม 13,สํานักงานเขตพื้นที่การศึกษาประถมศึกษาเชียงใหม่ เขต 6,ตําบลกองแขก,อําเภอแม่แจ่ม,เชียงใหม่,50270
472,ปี 2564,7-50270-006,ศูนย์ส่งเสริมการเรียนรู้อําเภอแม่แจ่ม,สํานักงานส่งเสริมการเรียนรู้ประจําจังหวัดเชียงใหม่ (สกร.),ตําบลช่างเคิ่ง,อําเภอแม่แจ่ม,เชียงใหม่,50270
473,ปี 2567,7-50270-007,โรงเรียนอินทนนทวิทยา,สํานักงานเขตพื้นที่การศึกษาประถมศึกษาเชียงใหม่ เขต 6,ตําบลช่างเคิ่ง,อําเภอแม่แจ่ม,เชียงใหม่,50270
474,ปี 2567,7-50270-008,โรงเรียนบ้านแม่หงานหลวง,สํานักงานเขตพื้นที่การศึกษาประถมศึกษาเชียงใหม่ เขต 6,ตําบลปางหินฝน,อําเภอแม่แจ่ม,เชียงใหม่,50270
475,ปี 2568,7-50270-009,โรงเรียนบ้านแม่แฮเหนือ,สํานักงานเขตพื้นที่การศึกษาประถมศึกษาเชียงใหม่ เขต 5,ตําบลแม่นาจร,อําเภอแม่แจ่ม,เชียงใหม่,50270
476,ปี 2568,7-50270-010,โรงเรียนเมืองเด็กวิทยา,สำนักงานคณะกรรมการส่งเสริมการศึกษาเอกชน,ตําบลช่างเคิ่ง,อําเภอแม่แจ่ม,เชียงใหม่,50270
477,ปี 2568,7-50270-011,โรงเรียนหลวงพัฒนาบ้านพุย,สํานักงานเขตพื้นที่การศึกษาประถมศึกษาเชียงใหม่ เขต 6,ตําบลปางหินฝน,อําเภอแม่แจ่ม,เชียงใหม่,50270
478,ปี 2568,7-50270-012,โรงเรียนบ้านแม่ซา,สํานักงานเขตพื้นที่การศึกษาประถมศึกษาเชียงใหม่ เขต 6,ตําบลแม่นาจร,อําเภอแม่แจ่ม,เชียงใหม่,50270
479,ปี 2568,7-50270-013,โรงเรียนบ้านแม่เอาะ,สํานักงานเขตพื้นที่การศึกษาประถมศึกษาเชียงใหม่ เขต 6,ตําบลแม่นาจร,อําเภอแม่แจ่ม,เชียงใหม่,50270
480,ปี 2568,7-50270-014,โรงเรียนบ้านแม่มุ,สํานักงานเขตพื้นที่การศึกษาประถมศึกษาเชียงใหม่ เขต 6,ตําบลแม่นาจร,อําเภอแม่แจ่ม,เชียงใหม่,50270
481,ปี 2568,7-50270-015,โรงเรียนบ้านแม่มะลอ,สํานักงานเขตพื้นที่การศึกษาประถมศึกษาเชียงใหม่ เขต 6,ตําบลแม่นาจร,อําเภอแม่แจ่ม,เชียงใหม่,50270
482,ปี 2568,7-50270-016,โรงเรียนบ้านนาฮอง,สํานักงานเขตพื้นที่การศึกษาประถมศึกษาเชียงใหม่ เขต 6,ตําบลแม่ศึก,อําเภอแม่แจ่ม,เชียงใหม่,50270
483,ปี 2568,7-50270-017,โรงเรียนบ้านนากลาง,สํานักงานเขตพื้นที่การศึกษาประถมศึกษาเชียงใหม่ เขต 6,ตําบลแม่ศึก,อําเภอแม่แจ่ม,เชียงใหม่,50270
484,ปี 2568,7-50270-018,โรงเรียนบ้านนากลาง สาขาบ้าน ห้วยผักกูด,สํานักงานเขตพื้นที่การศึกษาประถมศึกษาเชียงใหม่ เขต 6,ตําบลแม่ศึก,อําเภอแม่แจ่ม,เชียงใหม่,50270
485,ปี 2568,7-50270-019,โรงเรียนบ้านผาละป,สํานักงานเขตพื้นที่การศึกษาประถมศึกษาเชียงใหม่ เขต 6,ตําบลแม่ศึก,อําเภอแม่แจ่ม,เชียงใหม่,50270
486,ปี 2568,7-50270-020,โรงเรียนบ้านปางหินฝน,สํานักงานเขตพื้นที่การศึกษาประถมศึกษาเชียงใหม่ เขต 6,ตําบลปางหินฝน,อําเภอแม่แจ่ม,เชียงใหม่,50270
487,ปี 2568,7-50270-021,โรงเรียนบ้านโม่งหลวง,สํานักงานเขตพื้นที่การศึกษาประถมศึกษาเชียงใหม่ เขต 6,ตําบลกองแขก,อําเภอแม่แจ่ม,เชียงใหม่,50270
488,ปี 2568,7-50270-022,โรงเรียนบ้านโม่งหลวง สาขาบ้าน แม่อมลานใน,สํานักงานเขตพื้นที่การศึกษาประถมศึกษาเชียงใหม่ เขต 6,ตําบลกองแขก,อําเภอแม่แจ่ม,เชียงใหม่,50270
489,ปี 2568,7-50270-023,โรงเรียนชุมชนตําบลท่าผา,สํานักงานเขตพื้นที่การศึกษาประถมศึกษาเชียงใหม่ เขต 6,ตําบลท่าผา,อําเภอแม่แจ่ม,เชียงใหม่,50270
490,ปี 2568,7-50270-024,โรงเรียนบ้านแม่วาก,สํานักงานเขตพื้นที่การศึกษาประถมศึกษาเชียงใหม่ เขต 6,ตําบลแม่นาจร,อําเภอแม่แจ่ม,เชียงใหม่,50270
491,ปี 2568,7-50270-025,โรงเรียนบ้านทุ่งแก,สํานักงานเขตพื้นที่การศึกษาประถมศึกษาเชียงใหม่ เขต 6,ตําบลบ้านทับ,อําเภอแม่แจ่ม,เชียงใหม่,50270
492,ปี 2568,7-50270-026,โรงเรียนบ้านทุ่งแก สาขาบ้านแม่แอบ,สํานักงานเขตพื้นที่การศึกษาประถมศึกษาเชียงใหม่ เขต 6,ตําบลบ้านทับ,อําเภอแม่แจ่ม,เชียงใหม่,50270
493,ปี 2568,7-50270-027,โรงเรียนบ้านเนินวิทยา,สํานักงานเขตพื้นที่การศึกษาประถมศึกษาเชียงใหม่ เขต 6,ตําบลช่างเคิ่ง,อําเภอแม่แจ่ม,เชียงใหม่,50270
494,ปี 2568,7-50270-028,โรงเรียนบ้านแม่แฮเหนือ สาขาแม่แจ๊ะ,สํานักงานเขตพื้นที่การศึกษาประถมศึกษาเชียงใหม่ เขต 6,ตําบลแม่นาจร,อําเภอแม่แจ่ม,เชียงใหม่,50270
495,ปี 2568,7-50270-029,โรงเรียนบ้านห้วยผา,สํานักงานเขตพื้นที่การศึกษาประถมศึกษาเชียงใหม่ เขต 6,ตําบลแม่นาจร,อําเภอแม่แจ่ม,เชียงใหม่,50270
496,ปี 2568,7-50270-030,โรงเรียนบ้านแม่ตูม,สํานักงานเขตพื้นที่การศึกษาประถมศึกษาเชียงใหม่ เขต 6,ตําบลปางหินฝน,อําเภอแม่แจ่ม,เชียงใหม่,50270
497,ปี 2568,7-50270-031,โรงเรียนบ้านแม่ปาน,สํานักงานเขตพื้นที่การศึกษาประถมศึกษาเชียงใหม่ เขต 6,ตําบลช่างเคิ่ง,อําเภอแม่แจ่ม,เชียงใหม่,50270
498,ปี 2568,7-50270-032,โรงเรียนบ้านต่อเรือ,สํานักงานเขตพื้นที่การศึกษาประถมศึกษาเชียงใหม่ เขต 6,ตําบลช่างเคิ่ง,อําเภอแม่แจ่ม,เชียงใหม่,50270
499,ปี 2568,7-50270-033,โรงเรียนบ้านขุนแม่นาย,สํานักงานเขตพื้นที่การศึกษาประถมศึกษาเชียงใหม่ เขต 6,ตําบลแม่ศึก,อําเภอแม่แจ่ม,เชียงใหม่,50270
500,ปี 2568,7-50270-033/012-ตชด.,ศูนย์การเรียนตํารวจตระเวน ชายแดนสนั่น-เฉลิมเกตุ นภาศัพท์,กองกํากับการตํารวจตระเวนชายแดนที่ 33,ตําบลแม่ศึก,อําเภอแม่แจ่ม,เชียงใหม่,50270
501,ปี 2568,7-50270-033/013-ตชด.,ศูนย์การเรียนตํารวจตระเวน ชายแดนบ้านแม่มุใน บริษัท ซีเค พาวเวอร์ จํากัด (มหาชน) อุปภรณ์,กองกํากับการตํารวจตระเวนชายแดนที่ 33,ตําบลแม่นาจร,อําเภอแม่แจ่ม,เชียงใหม่,50270
502,ปี 2553,7-50270-033/03-ตชด.,โรงเรียนตํารวจตระเวนชายแดน บ้านใหม่พัฒนาสันติ,กองกํากับการตํารวจตระเวนชายแดนที่ 33,ตําบลนาจร,อําเภอแม่แจ่ม,เชียงใหม่,50270
503,ปี 2568,7-50270-033/06-ตชด.,โรงเรียนตํารวจตระเวนชายแดน บางกอก เซฟ แชร์ริตี้ บ้านแม่ขอ,กองกํากับการตํารวจตระเวนชายแดนที่ 33,ตําบลแม่นาจร,อําเภอแม่แจ่ม,เชียงใหม่,50270
504,ปี 2553,7-50270-033/07-ตชด.,โรงเรียนตํารวจตระเวนชายแดน บ้านแม่ลอง,กองกํากับการตํารวจตระเวนชายแดนที่ 33,ตําบลบ้านทับ,อําเภอแม่แจ่ม,เชียงใหม่,50270
505,ปี 2568,7-50270-034,โรงเรียนบ้านแปะสามัคคี,สํานักงานเขตพื้นที่การศึกษาประถมศึกษาเชียงใหม่ เขต 6,ตําบลปางหินฝน,อําเภอแม่แจ่ม,เชียงใหม่,50270
506,ปี 2568,7-50270-035,โรงเรียนบ้านแม่แฮใต้,สํานักงานเขตพื้นที่การศึกษาประถมศึกษาเชียงใหม่ เขต 6,ตําบลปางหินฝน,อําเภอแม่แจ่ม,เชียงใหม่,50270
507,ปี 2568,7-50270-036,โรงเรียนชุมชนบ้านช่างเคิ่ง,สํานักงานเขตพื้นที่การศึกษาประถมศึกษาเชียงใหม่ เขต 6,ตําบลช่างเคิ่ง,อําเภอแม่แจ่ม,เชียงใหม่,50270
508,ปี 2568,7-50270-037,โรงเรียนบ้านพุย สาขาพุยใต้,สํานักงานเขตพื้นที่การศึกษาประถมศึกษาเชียงใหม่ เขต 6,ตําบลปางหินฝน,อําเภอแม่แจ่ม,เชียงใหม่,50270
509,ปี 2568,7-50270-038,โรงเรียนเซนต์โยเซฟ แม่แจ่ม,สำนักงานคณะกรรมการส่งเสริมการศึกษาเอกชน,ตําบลปางหินฝน,อําเภอแม่แจ่ม,เชียงใหม่,50270
510,ปี 2568,7-50270-039,โรงเรียนบ้านสามสบ,สํานักงานเขตพื้นที่การศึกษาประถมศึกษาเชียงใหม่ เขต 6,ตําบลท่าผา,อําเภอแม่แจ่ม,เชียงใหม่,50270
511,ปี 2568,7-50270-040,โรงเรียนบ้านแม่หอย,สํานักงานเขตพื้นที่การศึกษาประถมศึกษาเชียงใหม่ เขต 6,ตําบลแม่นาจร,อําเภอแม่แจ่ม,เชียงใหม่,50270
512,ปี 2568,7-50270-041,โรงเรียนบ้านสบแม่รวม,สํานักงานเขตพื้นที่การศึกษาประถมศึกษาเชียงใหม่ เขต 6,ตําบลแม่นาจร,อําเภอแม่แจ่ม,เชียงใหม่,50270
513,ปี 2568,7-50270-042,โรงเรียนบ้านกองแขก,สํานักงานเขตพื้นที่การศึกษาประถมศึกษาเชียงใหม่ เขต 6,ตําบลกองแขก,อําเภอแม่แจ่ม,เชียงใหม่,50270
514,ปี 2568,7-50270-043,โรงเรียนบ้านปางอุ๋ง,สํานักงานเขตพื้นที่การศึกษาประถมศึกษาเชียงใหม่ เขต 6,ตําบลแม่ศึก,อําเภอแม่แจ่ม,เชียงใหม่,50270
515,ปี 2568,7-50270-044,โรงเรียนบ้านสบวาก,สํานักงานเขตพื้นที่การศึกษาประถมศึกษาเชียงใหม่ เขต 6,ตําบลแม่นาจร,อําเภอแม่แจ่ม,เชียงใหม่,50270
516,ปี 2568,7-50270-045,โรงเรียนบ้านเฮาะวิทยา,สํานักงานเขตพื้นที่การศึกษาประถมศึกษาเชียงใหม่ เขต 6,ตําบลปางหินฝน,อําเภอแม่แจ่ม,เชียงใหม่,50270
517,ปี 2568,7-50270-046,โรงเรียนบ้านแม่ศึก,สํานักงานเขตพื้นที่การศึกษาประถมศึกษาเชียงใหม่ เขต 6,ตําบลแม่ศึก,อําเภอแม่แจ่ม,เชียงใหม่,50270
518,ปี 2568,7-50270-047,โรงเรียนบ้านอมขูด,สํานักงานเขตพื้นที่การศึกษาประถมศึกษาเชียงใหม่ เขต 6,ตําบลกองแขก,อําเภอแม่แจ่ม,เชียงใหม่,50270
519,ปี 2568,7-50270-048,โรงเรียนบ้านผานัง,สํานักงานเขตพื้นที่การศึกษาประถมศึกษาเชียงใหม่ เขต 6,ตําบลท่าผา,อําเภอแม่แจ่ม,เชียงใหม่,50270
520,ปี 2568,7-50270-049,โรงเรียนบ้านแม่นาจร,สํานักงานเขตพื้นที่การศึกษาประถมศึกษาเชียงใหม่ เขต 6,ตําบลแม่นาจร,อําเภอแม่แจ่ม,เชียงใหม่,50270
521,ปี 2568,7-50270-050,โรงเรียนบ้านสองธาร,สํานักงานเขตพื้นที่การศึกษาประถมศึกษาเชียงใหม่ เขต 6,ตําบลบ้านทับ,อําเภอแม่แจ่ม,เชียงใหม่,50270
522,ปี 2547,7-50280-001,โรงเรียนราชประชานุเคราะห์ 30,สํานักบริหารงานการศึกษาพิเศษ,ตําบลแม่อาย,อําเภอแม่อาย,เชียงใหม่,50280
523,ปี 2560,7-50280-002,โรงเรียนบ้านสันต้นหมื้อ,สํานักงานเขตพื้นที่การศึกษาประถมศึกษาเชียงใหม่ เขต 3,ตําบลสันต้นหมื้อ,อําเภอแม่อาย,เชียงใหม่,50280
524,ปี 2560,7-50280-003,โรงเรียนบ้านห้วยปู,สํานักงานเขตพื้นที่การศึกษาประถมศึกษาเชียงใหม่ เขต 3,ตําบลท่าตอน,อําเภอแม่อาย,เชียงใหม่,50280
525,ปี 2563,7-50280-004,โรงเรียนอนุบาลสันต้นหมื้อ,กรมส่งเสริมการปกครองท้องถิ่น,ตําบลสันต้นหมื้อ,อําเภอแม่อาย,เชียงใหม่,50280
526,ปี 2562,7-50280-005,ศูนย์ส่งเสริมการเรียนรู้อําเภอแม่อาย,สํานักงานส่งเสริมการเรียนรู้ประจําจังหวัดเชียงใหม่ (สกร.),ตําบลแม่อาย,อําเภอแม่อาย,เชียงใหม่,50280
527,ปี 2562,7-50280-006,โรงเรียนชุมชนบ้านคาย,สํานักงานเขตพื้นที่การศึกษาประถมศึกษาเชียงใหม่ เขต 3,ตําบลแม่นาวาง,อําเภอแม่อาย,เชียงใหม่,50280
528,ปี 2563,7-50280-007,โรงเรียนบ้านห้วยป่าซาง,สํานักงานเขตพื้นที่การศึกษาประถมศึกษาเชียงใหม่ เขต 3,ตําบลแม่ลาว,อําเภอแม่อาย,เชียงใหม่,50280
529,ปี 2563,7-50280-008,โรงเรียนเพียงหลวง 1 (บ้านท่า ตอน),สํานักงานเขตพื้นที่การศึกษาประถมศึกษาเชียงใหม่ เขต 3,ตําบลท่าตอน,อําเภอแม่อาย,เชียงใหม่,50280
530,ปี 2563,7-50280-009,โรงเรียนแม่อายวิทยาคม,กรมส่งเสริมการปกครองท้องถิ่น,ตําบลแม่อาย,อําเภอแม่อาย,เชียงใหม่,50280
531,ปี 2563,7-50280-010,โรงเรียนอนุบาลองค์การบริหาส่วนตำบลแม่สาว,กรมส่งเสริมการปกครองท้องถิ่น,ตําบลแม่สาว,อําเภอแม่อาย,เชียงใหม่,50280
532,ปี 2563,7-50280-011,โรงเรียนบ้านท่ามะแกง,สํานักงานเขตพื้นที่การศึกษาประถมศึกษาเชียงใหม่ เขต 3,ตําบลท่าตอน,อําเภอแม่อาย,เชียงใหม่,50280
533,ปี 2563,7-50280-012,โรงเรียนบ้านสันป่าเหียว,สํานักงานเขตพื้นที่การศึกษาประถมศึกษาเชียงใหม่ เขต 3,ตําบลมะลิกา,อําเภอแม่อาย,เชียงใหม่,50280
534,ปี 2567,7-50280-013,โรงเรียนบ้านป่าก๊อ,สํานักงานเขตพื้นที่การศึกษาประถมศึกษาเชียงใหม่ เขต 3,ตําบลบ้านหลวง,อําเภอแม่อาย,เชียงใหม่,50280
535,ปี 2568,7-50280-014,โรงเรียนไทยรัฐวิทยา 12 (บ้านเอก),สํานักงานเขตพื้นที่การศึกษาประถมศึกษาเชียงใหม่ เขต 3,ตําบลมะลิกา,อําเภอแม่อาย,เชียงใหม่,50280
536,ปี 2568,7-50280-015,โรงเรียนเจ้าพ่อหลวงอุปภรณ์ 9,สํานักงานเขตพื้นที่การศึกษาประถมศึกษาเชียงใหม่ เขต 3,ตําบลท่าตอน,อําเภอแม่อาย,เชียงใหม่,50280
537,ปี 2568,7-50280-016,โรงเรียนตํารวจตระเวนชายแดน ศึกษานารีอนุสรณ์ 3,สํานักงานเขตพื้นที่การศึกษาประถมศึกษาเชียงใหม่ เขต 3,ตําบลท่าตอน,อําเภอแม่อาย,เชียงใหม่,50280
538,ปี 2568,7-50280-017,โรงเรียนอนุบาลองค์การบริหาส่วนตำบลสันต้นหมื้อ,กรมส่งเสริมการปกครองท้องถิ่น,ตําบลสันต้นหมื้อ,อําเภอแม่อาย,เชียงใหม่,50280
539,ปี 2568,7-50280-018,โรงเรียนบ้านโป่งไฮ,สํานักงานเขตพื้นที่การศึกษาประถมศึกษาเชียงใหม่ เขต 3,ตําบลแม่สาว,อําเภอแม่อาย,เชียงใหม่,50280
540,ปี 2568,7-50280-019,โรงเรียนบ้านสันป่าข่า,สํานักงานเขตพื้นที่การศึกษาประถมศึกษาเชียงใหม่ เขต 3,ตําบลแม่สาว,อําเภอแม่อาย,เชียงใหม่,50280
541,ปี 2568,7-50280-020,โรงเรียนบ้านดอนชัย,สํานักงานเขตพื้นที่การศึกษาประถมศึกษาเชียงใหม่ เขต 3,ตําบลแม่อาย,อําเภอแม่อาย,เชียงใหม่,50280
542,ปี 2568,7-50280-021,โรงเรียนประพันธ์-อารีย์ หงส์สกุล,สํานักงานเขตพื้นที่การศึกษาประถมศึกษาเชียงใหม่ เขต 3,ตําบลแม่นาวาง,อําเภอแม่อาย,เชียงใหม่,50280
543,ปี 2568,7-50280-022,โรงเรียนไทยทนุบ้านสันต้นดู่,สํานักงานเขตพื้นที่การศึกษาประถมศึกษาเชียงใหม่ เขต 3,ตําบลท่าตอน,อําเภอแม่อาย,เชียงใหม่,50280
544,ปี 2569,7-50280-023,โรงเรียนบ้านสันปอธง,สํานักงานเขตพื้นที่การศึกษาประถมศึกษาเชียงใหม่ เขต 3,ตําบลสันต้นหมื้อ,อําเภอแม่อาย,เชียงใหม่,50280
545,ปี 2569,7-50280-024,โรงเรียนบ้านฮ่างต่ํา,สํานักงานเขตพื้นที่การศึกษาประถมศึกษาเชียงใหม่ เขต 3,ตําบลแม่นาวาง,อําเภอแม่อาย,เชียงใหม่,50280
546,ปี 2569,7-50280-025,โรงเรียนบ้านหนองขี้นกยาง,สํานักงานเขตพื้นที่การศึกษาประถมศึกษาเชียงใหม่ เขต 3,ตําบลแม่นาวาง,อําเภอแม่อาย,เชียงใหม่,50280
547,ปี 2568,7-50280-033/014-ตชด.,โรงเรียนตํารวจตระเวนชายแดน เฮียงไทยธํารงค์,กองกํากับการตํารวจตระเวนชายแดนที่ 33,ตําบลแม่สาว,อําเภอแม่อาย,เชียงใหม่,50280
548,ปี 2568,7-50280-033/015-ตชด.,ศูนย์การเรียนตํารวจตระเวน ชายแดนบ้านนามะอื้น,กองกํากับการตํารวจตระเวนชายแดนที่ 33,ตําบลแม่อาย,อําเภอแม่อาย,เชียงใหม่,50280
549,ปี 2553,7-50280-033/10-ตชด.,โรงเรียนตํารวจตระเวนชายแดนทุ ติยะโพธิ์อนุสรณ์,กองกํากับการตํารวจตระเวนชายแดนที่ 33,ตําบลแม่อาย,อําเภอแม่อาย,เชียงใหม่,50280
550,ปี 2556,7-50290-001,โรงเรียนบ้านร่มหลวง,สํานักงานเขตพื้นที่การศึกษาประถมศึกษาเชียงใหม่ เขต 2,ตําบลแม่แฝก,อําเภอสันทราย,เชียงใหม่,50290
551,ปี 2556,7-50290-002,โรงเรียนบ้านแม่โจ้,สํานักงานเขตพื้นที่การศึกษาประถมศึกษาเชียงใหม่ เขต 2,ตําบลหนองหาร,อําเภอสันทราย,เชียงใหม่,50290
552,ปี 2562,7-50290-003,โรงเรียนศรีสังวาลย์เชียงใหม่,สํานักบริหารงานการศึกษาพิเศษ,ตําบลหนองหาร,อําเภอสันทราย,เชียงใหม่,50290
553,ปี 2562,7-50290-004,โรงเรียนสันทรายวิทยาคม,สํานักงานเขตพื้นที่การศึกษามัธยมศึกษาเชียงใหม่,ตําบลหนองหาร,อําเภอสันทราย,เชียงใหม่,50290
554,ปี 2562,7-50290-005,ศูนย์ส่งเสริมการเรียนรู้ระดับอําเภอสันทราย,สํานักงานส่งเสริมการเรียนรู้ประจําจังหวัดเชียงใหม่ (สกร.),ตําบลสันทรายหลวง,อําเภอสันทราย,เชียงใหม่,50290
555,ปี 2564,7-50290-006,โรงเรียนบ้านแม่แต,สํานักงานเขตพื้นที่การศึกษาประถมศึกษาเชียงใหม่ เขต 2,ตําบลแม่แฝก,อําเภอสันทราย,เชียงใหม่,50290
556,ปี 2568,7-50290-007,โรงเรียนบ้านโป่ง,สํานักงานเขตพื้นที่การศึกษาประถมศึกษาเชียงใหม่ เขต 2,ตําบลแม่แฝก,อําเภอสันทราย,เชียงใหม่,50290
557,ปี 2568,7-50290-008,โรงเรียนบ้านแม่ย่อย (เจียร-สมศรี วังทองคํา),สํานักงานเขตพื้นที่การศึกษาประถมศึกษาเชียงใหม่ เขต 2,ตําบลสันทรายน้อย,อําเภอสันทราย,เชียงใหม่,50210
558,ปี 2568,7-50290-009,โรงเรียนบ้านศรีงาม,สํานักงานเขตพื้นที่การศึกษาประถมศึกษาเชียงใหม่ เขต 2,ตําบลแม่แฝก,อําเภอสันทราย,เชียงใหม่,50290
559,ปี 2568,7-50290-010,โรงเรียนบ้านหนองมะจับ,สํานักงานเขตพื้นที่การศึกษาประถมศึกษาเชียงใหม่ เขต 2,ตําบลแม่แฝก,อําเภอสันทราย,เชียงใหม่,50290
560,ปี 2568,7-50290-011,โรงเรียนบ้านป่าบง,สํานักงานเขตพื้นที่การศึกษาประถมศึกษาเชียงใหม่ เขต 2,ตําบลหนองหาร,อําเภอสันทราย,เชียงใหม่,50290
561,ปี 2568,7-50290-012,โรงเรียนบ้านห้วยเกี๋ยง,สํานักงานเขตพื้นที่การศึกษาประถมศึกษาเชียงใหม่ เขต 2,ตําบลหนองหาร,อําเภอสันทราย,เชียงใหม่,50290
562,ปี 2568,7-50290-013,โรงเรียนบ้านหนองหาร (ทิพวัน อุทิศ),สํานักงานเขตพื้นที่การศึกษาประถมศึกษาเชียงใหม่ เขต 2,ตําบลหนองหาร,อําเภอสันทราย,เชียงใหม่,50290
563,ปี 2568,7-50290-014,โรงเรียนบ้านแม่แฝก,สํานักงานเขตพื้นที่การศึกษาประถมศึกษาเชียงใหม่ เขต 2,ตําบลแม่แฝกใหม,อําเภอสันทราย,เชียงใหม่,50290
564,ปี 2568,7-50290-015,โรงเรียนบ้านท่าเกวียน,สํานักงานเขตพื้นที่การศึกษาประถมศึกษาเชียงใหม่ เขต 2,ตําบลหนองจ๊อม,อําเภอสันทราย,เชียงใหม่,50290
565,ปี 2558,7-50300-001,โรงเรียนเทศบาลวัดป่าแพ่ง,กรมส่งเสริมการปกครองท้องถิ่น,ตําบลช้างม่อย,อําเภอเมืองเชียงใหม่,เชียงใหม่,50300
566,ปี 2558,7-50300-002,โรงเรียนสาธิตมหาวิทยาลัยราชภัฏเชียงใหม่,สำนักงานปลัดกระทรวงการอุดมศึกษา วิทยาศาสตร์ วิจัยและนวัตกรรม,ตําบลช้างเผือก,อําเภอเมืองเชียงใหม่,เชียงใหม่,50300
567,ปี 2560,7-50300-003,โรงเรียนโสตศึกษาอนุสารสุนทร,สํานักบริหารงานการศึกษาพิเศษ,ตําบลช้างเผือก,อําเภอเมืองเชียงใหม่,เชียงใหม่,50300
568,ปี 2562,7-50300-004,โรงเรียนวัดร้องอ้อ,สํานักงานเขตพื้นที่การศึกษาประถมศึกษาเชียงใหม่ เขต 1,ตําบลสันผีเสื้อ,อําเภอเมืองเชียงใหม่,เชียงใหม่,50300
569,ปี 2563,7-50300-005,ศูนย์ส่งเสริมการเรียนรู้ระดับอําเภอเชียงดาว,สํานักงานส่งเสริมการเรียนรู้ประจําจังหวัดเชียงใหม่ (สกร.),ตําบลเชียงดาว,อําเภอเชียงดาว,เชียงใหม่,50300
570,ปี 2564,7-50300-006,วิทยาลัยสารพัดช่างเชียงใหม่,สํานักงานคณะกรรมการการอาชีวศึกษา,ตําบลช้างเผือก,อําเภอเมืองเชียงใหม่,เชียงใหม่,50300
571,ปี 2568,7-50300-007,วิทยาลัยเทคโนโลยีพาณิชยการลานนา,สํานักงานคณะกรรมการการอาชีวศึกษา,ตําบลสุเทพ,อําเภอเมืองเชียงใหม่,เชียงใหม่,50300
572,ปี 2568,7-50300-008,โรงเรียนวัดเจ็ดยอด,สํานักงานเขตพื้นที่การศึกษาประถมศึกษาเชียงใหม่ เขต 1,ตําบลช้างเผือก,อําเภอเมืองเชียงใหม่,เชียงใหม่,50300
573,ปี 2568,7-50300-009,วิทยาลัยเทคโนโลยีโปลิเทคนิคลานนา,สํานักงานคณะกรรมการการอาชีวศึกษา,ตําบลป่าตัน,อําเภอเมืองเชียงใหม่,เชียงใหม่,50300
574,ปี 2568,7-50300-010,โรงเรียนวัดป่าข่อยใต้,สํานักงานเขตพื้นที่การศึกษาประถมศึกษาเชียงใหม่ เขต 1,ตําบลสันผีเสื้อ,อําเภอเมืองเชียงใหม่,เชียงใหม่,50300
575,ปี 2568,7-50300-011,โรงเรียนวัดป่าตัน,สํานักงานเขตพื้นที่การศึกษาประถมศึกษาเชียงใหม่ เขต 1,ตําบลป่าตัน,อําเภอเมืองเชียงใหม่,เชียงใหม่,50300
576,ปี 2568,7-50300-012,โรงเรียนวัดข่วงสิงห์,สํานักงานเขตพื้นที่การศึกษาประถมศึกษาเชียงใหม่ เขต 1,ตําบลช้างเผือก,อําเภอเมืองเชียงใหม่,เชียงใหม่,50300
577,ปี 2568,7-50300-013,โรงเรียนศรีเนห์รู,สํานักงานเขตพื้นที่การศึกษาประถมศึกษาเชียงใหม่ เขต 1,ตําบลช้างเผือก,อําเภอเมืองเชียงใหม่,เชียงใหม่,50300
578,ปี 2568,7-50300-014,โรงเรียนวัดช่างเคี่ยน,สํานักงานเขตพื้นที่การศึกษาประถมศึกษาเชียงใหม่ เขต 1,ตําบลช้างเผือก,อําเภอเมืองเชียงใหม่,เชียงใหม่,50300
579,ปี 2568,7-50300-015,โรงเรียนบ้านท่าหลุกสันทราย,สํานักงานเขตพื้นที่การศึกษาประถมศึกษาเชียงใหม่ เขต 1,ตําบลสันผีเสื้อ,อําเภอเมืองเชียงใหม่,เชียงใหม่,50300
580,ปี 2568,7-50300-016,โรงเรียนเทศบาลดอกเงิน,กรมส่งเสริมการปกครองท้องถิ่น,ตําบลช้างม่อย,อําเภอเมืองเชียงใหม่,เชียงใหม่,50300
581,ปี 2569,7-50300-017,ศูนย์ส่งเสริมการเรียนรู้ระดับอําเภอเมืองเชียงใหม่,สํานักงานส่งเสริมการเรียนรู้ประจําจังหวัดเชียงใหม่ (สกร.),ตําบลช้างเผือก,อําเภอเมืองเชียงใหม่,เชียงใหม่,50300
582,ปี 2557,7-50310-001,โรงเรียนแม่ตื่นวิทยาคม,สํานักงานเขตพื้นที่การศึกษามัธยมศึกษาเชียงใหม่,ตําบลแม่ตื่น,อําเภออมก๋อย,เชียงใหม่,50310
583,ปี 2563,7-50310-002,ศูนย์ส่งเสริมการเรียนรู้ระดับอําเภออมก๋อย,สํานักงานส่งเสริมการเรียนรู้ประจําจังหวัดเชียงใหม่ (สกร.),ตําบลนาเกียน,อําเภออมก๋อย,เชียงใหม่,50310
584,ปี 2564,7-50310-003,โรงเรียนชุมชนบ้านใหม่,สํานักงานเขตพื้นที่การศึกษาประถมศึกษาเชียงใหม่ เขต 5,ตําบลแม่ตื่น,อําเภออมก๋อย,เชียงใหม่,50310
585,ปี 2568,7-50310-004,โรงเรียนบ้านแม่ลานหลวง,สํานักงานเขตพื้นที่การศึกษาประถมศึกษาเชียงใหม่ เขต 5,ตําบลยางเปียง,อําเภออมก๋อย,เชียงใหม่,50310
586,ปี 2568,7-50310-005,โรงเรียนบ้านห้วยไม้หก,สํานักงานเขตพื้นที่การศึกษาประถมศึกษาเชียงใหม่ เขต 5,ตําบลม่อนจอง,อําเภออมก๋อย,เชียงใหม่,50310
587,ปี 2568,7-50310-006,โรงเรียนบ้านทุ่งต้นงิ้ว,สํานักงานเขตพื้นที่การศึกษาประถมศึกษาเชียงใหม่ เขต 5,ตําบลแม่ตื่น,อําเภออมก๋อย,เชียงใหม่,50310
588,ปี 2568,7-50310-007,โรงเรียนบ้านทุ่งจําเริง,สํานักงานเขตพื้นที่การศึกษาประถมศึกษาเชียงใหม่ เขต 5,ตําบลอมก๋อย,อําเภออมก๋อย,เชียงใหม่,50310
589,ปี 2568,7-50310-008,โรงเรียนบ้านแม่ต้อม,สํานักงานเขตพื้นที่การศึกษาประถมศึกษาเชียงใหม่ เขต 5,ตําบลอมก๋อย,อําเภออมก๋อย,เชียงใหม่,50310
590,ปี 2568,7-50310-009,โรงเรียนบ้านแม่อ่างขาง,สํานักงานเขตพื้นที่การศึกษาประถมศึกษาเชียงใหม่ เขต 5,ตําบลอมก๋อย,อําเภออมก๋อย,เชียงใหม่,50310
591,ปี 2568,7-50310-010,โรงเรียนอมก๋อยวิทยาคม,สํานักงานเขตพื้นที่การศึกษามัธยมศึกษาเชียงใหม่,ตําบลอมก๋อย,อําเภออมก๋อย,เชียงใหม่,50310
592,ปี 2568,7-50310-011,โรงเรียนชุมชนบ้านอมก๋อย สาขา บ้านสะบอมแฮด,สํานักงานเขตพื้นที่การศึกษาประถมศึกษาเชียงใหม่ เขต 5,ตําบลอมก๋อย,อําเภออมก๋อย,เชียงใหม่,50310
593,ปี 2568,7-50310-012,โรงเรียนบ้านนาไคร้,สํานักงานเขตพื้นที่การศึกษาประถมศึกษาเชียงใหม่ เขต 5,ตําบลยางเปียง,อําเภออมก๋อย,เชียงใหม่,50310
594,ปี 2568,7-50310-013,โรงเรียนบ้านสบลาน,สํานักงานเขตพื้นที่การศึกษาประถมศึกษาเชียงใหม่ เขต 5,ตําบลยางเปียง,อําเภออมก๋อย,เชียงใหม่,50310
595,ปี 2568,7-50310-014,โรงเรียนบ้านห้วยโค้ง,สํานักงานเขตพื้นที่การศึกษาประถมศึกษาเชียงใหม่ เขต 5,ตําบลยางเปียง,อําเภออมก๋อย,เชียงใหม่,50310
596,ปี 2568,7-50310-015,โรงเรียนตรีมิตรวิทยา,สํานักงานเขตพื้นที่การศึกษาประถมศึกษาเชียงใหม่ เขต 5,ตําบลม่อนจอง,อําเภออมก๋อย,เชียงใหม่,50310
597,ปี 2568,7-50310-016,โรงเรียนบ้านยางครก,สํานักงานเขตพื้นที่การศึกษาประถมศึกษาเชียงใหม่ เขต 5,ตําบลยางเปียง,อําเภออมก๋อย,เชียงใหม่,50310
598,ปี 2568,7-50310-017,โรงเรียนบ้านนาเกียน,สํานักงานเขตพื้นที่การศึกษาประถมศึกษาเชียงใหม่ เขต 5,ตําบลนาเกียน,อําเภออมก๋อย,เชียงใหม่,50260
599,ปี 2568,7-50310-018,โรงเรียนบ้านห้วยหล่อดูก,สํานักงานเขตพื้นที่การศึกษาประถมศึกษาเชียงใหม่ เขต 5,ตําบลแม่ตื่น,อําเภออมก๋อย,เชียงใหม่,50310
600,ปี 2568,7-50310-019,โรงเรียนบ้านห่างหลวง,สํานักงานเขตพื้นที่การศึกษาประถมศึกษาเชียงใหม่ เขต 5,ตําบลนาเกียน,อําเภออมก๋อย,เชียงใหม่,50310
601,ปี 2568,7-50310-020,โรงเรียนบ้านตุงลอย,สํานักงานเขตพื้นที่การศึกษาประถมศึกษาเชียงใหม่ เขต 5,ตําบลอมก๋อย,อําเภออมก๋อย,เชียงใหม่,50240
602,ปี 2568,7-50310-021,โรงเรียนบ้านห้วยปูลิง,สํานักงานเขตพื้นที่การศึกษาประถมศึกษาเชียงใหม่ เขต 5,ตําบลม่อนจอง,อําเภออมก๋อย,เชียงใหม่,50310
603,ปี 2568,7-50310-022,โรงเรียนบ้านห้วยน้ำขาว,สํานักงานเขตพื้นที่การศึกษาประถมศึกษาเชียงใหม่ เขต 5,ตําบลม่อนจอง,อําเภออมก๋อย,เชียงใหม่,50310
604,ปี 2568,7-50310-023,โรงเรียนบ้านแม่สะเต,สํานักงานเขตพื้นที่การศึกษาประถมศึกษาเชียงใหม่ เขต 5,ตําบลนาเกียน,อําเภออมก๋อย,เชียงใหม่,50310
605,ปี 2568,7-50310-024,โรงเรียนบ้านใบหนา,สํานักงานเขตพื้นที่การศึกษาประถมศึกษาเชียงใหม่ เขต 5,ตําบลนาเกียน,อําเภออมก๋อย,เชียงใหม่,50310
606,ปี 2568,7-50310-025,โรงเรียนชุมชนบ้านอมก๋อย,สํานักงานเขตพื้นที่การศึกษาประถมศึกษาเชียงใหม่ เขต 5,ตําบลอมก๋อย,อําเภออมก๋อย,เชียงใหม่,50310
607,ปี 2568,7-50310-026,โรงเรียนบ้านอูตูม,สํานักงานเขตพื้นที่การศึกษาประถมศึกษาเชียงใหม่ เขต 5,ตําบลนาเกียน,อําเภออมก๋อย,เชียงใหม่,50310
608,ปี 2568,7-50310-027,โรงเรียนบ้านแม่ตื่น,สํานักงานเขตพื้นที่การศึกษาประถมศึกษาเชียงใหม่ เขต 5,ตําบลแม่ตื่น,อําเภออมก๋อย,เชียงใหม่,50310
609,ปี 2568,7-50310-028,โรงเรียนบ้านชุมชนแม่ตื่น,สํานักงานเขตพื้นที่การศึกษาประถมศึกษาเชียงใหม่ เขต 5,ตําบลแม่ตื่น,อําเภออมก๋อย,เชียงใหม่,50310
610,ปี 2568,7-50310-029,โรงเรียนบ้านแม่หลองน้อย,สํานักงานเขตพื้นที่การศึกษาประถมศึกษาเชียงใหม่ เขต 5,ตําบลแม่หลอง,อําเภออมก๋อย,เชียงใหม่,50310
611,ปี 2568,7-50310-030,โรงเรียนบ้านหลวง,สํานักงานเขตพื้นที่การศึกษาประถมศึกษาเชียงใหม่ เขต 5,ตําบลยางเปียง,อําเภออมก๋อย,เชียงใหม่,50310
612,ปี 2568,7-50310-031,โรงเรียนบ้านยางเปียง,สํานักงานเขตพื้นที่การศึกษาประถมศึกษาเชียงใหม่ เขต 5,ตําบลยางเปียง,อําเภออมก๋อย,เชียงใหม่,50310
613,ปี 2568,7-50310-032,โรงเรียนบ้านชิแบร,สํานักงานเขตพื้นที่การศึกษาประถมศึกษาเชียงใหม่ เขต 5,ตําบลแม่ตื่น,อําเภออมก๋อย,เชียงใหม่,50310
614,ปี 2568,7-50310-033,โรงเรียนบ้านแม่โขง,สํานักงานเขตพื้นที่การศึกษาประถมศึกษาเชียงใหม่ เขต 5,ตําบลนาเกียน,อําเภออมก๋อย,เชียงใหม่,50310
615,ปี 2568,7-50310-033/016-ตชด.,โรงเรียนตํารวจตระเวนชายแดน ท่านผู้หญิงประไพ ศิวะโกเศศ,กองกํากับการตํารวจตระเวนชายแดนที่ 33,ตําบลแม่หลอง,อําเภออมก๋อย,เชียงใหม่,50310
616,ปี 2568,7-50310-033/017-ตชด.,โรงเรียนตํารวจตระเวนชายแดน บางกอก เซฟ แชร์ริตี้,กองกํากับการตํารวจตระเวนชายแดนที่ 33,ตําบลแม่หลอง,อําเภออมก๋อย,เชียงใหม่,50310
617,ปี 2561,7-50310-033/04-ตชด.,โรงเรียนตํารวจตระเวนชายแดน รางวัลอินทิรา คานธี,กองกํากับการตํารวจตระเวนชายแดนที่ 33,ตําบลแม่ตื่น,อําเภออมก๋อย,เชียงใหม่,50310
618,ปี 2568,7-50310-034,โรงเรียนบ้านผีปานเหนือ,สํานักงานเขตพื้นที่การศึกษาประถมศึกษาเชียงใหม่ เขต 5,ตําบลนาเกียน,อําเภออมก๋อย,เชียงใหม่,50310
619,ปี 2568,7-50310-035,โรงเรียนบ้านขุนตื่น,สํานักงานเขตพื้นที่การศึกษาประถมศึกษาเชียงใหม่ เขต 5,ตําบลแม่หลอง,อําเภออมก๋อย,เชียงใหม่,50310
620,ปี 2568,7-50310-036,โรงเรียนบ้านยางเปา,สํานักงานเขตพื้นที่การศึกษาประถมศึกษาเชียงใหม่ เขต 5,ตําบลอมก๋อย,อําเภออมก๋อย,เชียงใหม่,50310
621,ปี 2568,7-50310-037,โรงเรียนบ้านยางแก้ว,สํานักงานเขตพื้นที่การศึกษาประถมศึกษาเชียงใหม่ เขต 5,ตําบลอมก๋อย,อําเภออมก๋อย,เชียงใหม่,50310
622,ปี 2568,7-50310-038,โรงเรียนบ้านมูเซอ,สํานักงานเขตพื้นที่การศึกษาประถมศึกษาเชียงใหม่ เขต 5,ตําบลม่อนจอง,อําเภออมก๋อย,เชียงใหม่,50310
623,ปี 2569,7-50310-039,โรงเรียนบ้านแม่ลานหลวงสาขา ดอยซาง,สํานักงานเขตพื้นที่การศึกษาประถมศึกษาเชียงใหม่ เขต 5,ตําบลยางเปียง,อําเภออมก๋อย,เชียงใหม่,50310
624,ปี 2544,7-50320-001,โรงเรียนอนุบาลเอื้อวิทยา,สำนักงานคณะกรรมการส่งเสริมการศึกษาเอกชน,ตําบลปงตํา,อําเภอไชยปราการ,เชียงใหม่,50320
625,ปี 2556,7-50320-002,โรงเรียนบ้านหลวง (อ.ฝาง),สํานักงานเขตพื้นที่การศึกษาประถมศึกษาเชียงใหม่ เขต 3,ตําบลแม่งอน,อําเภอฝาง,เชียงใหม่,50320
626,ปี 2557,7-50320-003,โรงเรียนเทศบาล 1 ไชยปราการ,กรมส่งเสริมการปกครองท้องถิ่น,ตําบลปงตํา,อําเภอไชยปราการ,เชียงใหม่,50320
627,ปี 2561,7-50320-004,โรงเรียนบ้านถ้ําตับเตา,กรมส่งเสริมการปกครองท้องถิ่น,ตําบลแม่งอน,อําเภอฝาง,เชียงใหม่,50320
628,ปี 2561,7-50320-005,โรงเรียนบ้านแม่งอนขี้เหล็ก,กรมส่งเสริมการปกครองท้องถิ่น,ตําบลศรีดงเย็น,อําเภอไชยปราการ,เชียงใหม่,50320
629,ปี 2562,7-50320-006,โรงเรียนบ้านแม่งอนกลาง,สํานักงานเขตพื้นที่การศึกษาประถมศึกษาเชียงใหม่ เขต 3,ตําบลแม่งอน,อําเภอฝาง,เชียงใหม่,50320
630,ปี 2562,7-50320-007,โรงเรียนบ้านหล่ายฝาง,กรมส่งเสริมการปกครองท้องถิ่น,ตําบลแม่ข่า,อําเภอฝาง,เชียงใหม่,50320
631,ปี 2563,7-50320-008,โรงเรียนอนุบาลแม่แวน,กรมส่งเสริมการปกครองท้องถิ่น,ตําบลแม่แวน,อําเภอพร้าว,เชียงใหม่,50320
632,ปี 2563,7-50320-009,โรงเรียนบ้านหัวฝาย,สํานักงานเขตพื้นที่การศึกษาประถมศึกษาเชียงใหม่ เขต 3,ตําบลศรีดงเย็น,อําเภอไชยปราการ,เชียงใหม่,50320
633,ปี 2564,7-50320-010,ศูนย์ส่งเสริมการเรียนรู้ระดับอําเภอไชยปราการ,สํานักงานส่งเสริมการเรียนรู้ประจําจังหวัดเชียงใหม่ (สกร.),ตําบลปงตํา,อําเภอไชยปราการ,เชียงใหม่,50320
634,ปี 2568,7-50320-011,โรงเรียนบ้านทุ่งหลุก,สํานักงานเขตพื้นที่การศึกษาประถมศึกษาเชียงใหม่ เขต 3,ตําบลแม่งอน,อําเภอฝาง,เชียงใหม่,50320
635,ปี 2568,7-50320-012,โรงเรียนบ้านต้นโชค,สํานักงานเขตพื้นที่การศึกษาประถมศึกษาเชียงใหม่ เขต 3,ตําบลหนองบัว,อําเภอไชยปราการ,เชียงใหม่,50320
636,ปี 2568,7-50320-013,โรงเรียนชุมชนวัดศรีดงเย็น,สํานักงานเขตพื้นที่การศึกษาประถมศึกษาเชียงใหม่ เขต 3,ตําบลศรีดงเย็น,อําเภอไชยปราการ,เชียงใหม่,50320
637,ปี 2568,7-50320-014,โรงเรียนบ้านป่างิ้ว,สํานักงานเขตพื้นที่การศึกษาประถมศึกษาเชียงใหม่ เขต 3,ตําบลแม่ทะลบ,อําเภอไชยปราการ,เชียงใหม่,50320
638,ปี 2568,7-50320-015,โรงเรียนฉัตรพฤกษ์วิทยา,สำนักงานคณะกรรมการส่งเสริมการศึกษาเอกชน,ตําบลศรีดงเย็น,อําเภอไชยปราการ,เชียงใหม่,50320
639,ปี 2568,7-50320-016,โรงเรียนไชยปราการ,สํานักงานเขตพื้นที่การศึกษามัธยมศึกษาเชียงใหม่,ตําบลหนองบัว,อําเภอไชยปราการ,เชียงใหม่,50320
640,ปี 2568,7-50320-017,โรงเรียนอนุบาลเทศบาลตําบลบ้านแม่ข่า,กรมส่งเสริมการปกครองท้องถิ่น,ตําบลแม่ข่า,อําเภอฝาง,เชียงใหม่,50320
641,ปี 2568,7-50320-018,โรงเรียนเทพศิรินทร์ 9 โครงการหลวงในพระบรมราชูปถัมภ์,สํานักงานเขตพื้นที่การศึกษาประถมศึกษาเชียงใหม่ เขต 3,ตําบลแม่งอน,อําเภอฝาง,เชียงใหม่,50320
642,ปี 2568,7-50320-019,โรงเรียนบ้านหนองขวาง,สํานักงานเขตพื้นที่การศึกษาประถมศึกษาเชียงใหม่ เขต 3,ตําบลแม่งอน,อําเภอฝาง,เชียงใหม่,50320
643,ปี 2569,7-50320-020,โรงเรียนบ้านยาง,สํานักงานเขตพื้นที่การศึกษาประถมศึกษาเชียงใหม่ เขต 3,ตําบลแม่งอน,อําเภอฝาง,เชียงใหม่,50320
644,ปี 2569,7-50320-021,โรงเรียนบ้านห้วยไผ่,สํานักงานเขตพื้นที่การศึกษาประถมศึกษาเชียงใหม่ เขต 3,ตําบลหนองบัว,อําเภอไชยปราการ,เชียงใหม่,50320
645,ปี 2569,7-50320-022,โรงเรียนบ้านเด่นใหม่,สํานักงานเขตพื้นที่การศึกษาประถมศึกษาเชียงใหม่ เขต 3,ตําบลแม่ข่า,อําเภอฝาง,เชียงใหม่,50320
646,ปี 2569,7-50320-023,โรงเรียนวัดป่าแดง,สํานักงานเขตพื้นที่การศึกษาประถมศึกษาเชียงใหม่ เขต 3,ตําบลแม่ทะลบ,อําเภอไชยปราการ,เชียงใหม่,50320
647,ปี 2551,7-50330-001,โรงเรียนบ้านเมืองก๊ะ,สํานักงานเขตพื้นที่การศึกษาประถมศึกษาเชียงใหม่ เขต 2,ตําบลสะลวง,อําเภอแม่ริม,เชียงใหม่,50330
648,ปี 2556,7-50330-002,โรงเรียนบ้านสะลวงนอก,สํานักงานเขตพื้นที่การศึกษาประถมศึกษาเชียงใหม่ เขต 2,ตําบลสะลวง,อําเภอแม่ริม,เชียงใหม่,50330
649,ปี 2557,7-50330-003,โรงเรียนสันป่ายางวิทยาคม,สํานักงานเขตพื้นที่การศึกษามัธยมศึกษาเชียงใหม่,ตําบลสันป่ายาง,อําเภอแม่แตง,เชียงใหม่,50330
650,ปี 2568,7-50330-004,โรงเรียนเชียงใหม่มัธยม,สำนักงานคณะกรรมการส่งเสริมการศึกษาเอกชน,ตําบลสบเปิง,อําเภอแม่แตง,เชียงใหม่,50330
651,ปี 2568,7-50330-005,โรงเรียนสันป่ายางวิทยาคาร,สํานักงานเขตพื้นที่การศึกษาประถมศึกษาเชียงใหม่ เขต 2,ตําบลสันป่ายาง,อําเภอแม่แตง,เชียงใหม่,50330
652,ปี 2568,7-50330-006,โรงเรียนสบเปิงวิทยา,สํานักงานเขตพื้นที่การศึกษาประถมศึกษาเชียงใหม่ เขต 2,ตําบลสบเปิง,อําเภอแม่แตง,เชียงใหม่,50330
653,ปี 2568,7-50330-007,โรงเรียนบ้านกาดฮาว,สํานักงานเขตพื้นที่การศึกษาประถมศึกษาเชียงใหม่ เขต 2,ตําบลสะลวง,อําเภอแม่ริม,เชียงใหม่,50330
654,ปี 2568,7-50330-008,โรงเรียนวัดท่าข้าม,สํานักงานเขตพื้นที่การศึกษาประถมศึกษาเชียงใหม่ เขต 2,ตําบลสบเปิง,อําเภอแม่แตง,เชียงใหม่,50330
655,ปี 2562,7-50350-001,โรงเรียนบ้านห้วยไคร้,สํานักงานเขตพื้นที่การศึกษาประถมศึกษาเชียงใหม่ เขต 3,ตําบลเปียงหลวง,อําเภอเวียงแหง,เชียงใหม่,50350
656,ปี 2562,7-50350-002,ศูนย์ส่งเสริมการเรียนรู้ระดับอําเภอเวียงแหง,สํานักงานส่งเสริมการเรียนรู้ประจําจังหวัดเชียงใหม่ (สกร.),ตําบลเมืองแหง,อําเภอเวียงแหง,เชียงใหม่,50350
657,ปี 2563,7-50350-003,โรงเรียนบ้านเวียงแหง,สํานักงานเขตพื้นที่การศึกษาประถมศึกษาเชียงใหม่ เขต 3,ตําบลเมืองแหง,อําเภอเวียงแหง,เชียงใหม่,50350
658,ปี 2563,7-50350-004,โรงเรียนบ้านเปียงหลวง,สํานักงานเขตพื้นที่การศึกษาประถมศึกษาเชียงใหม่ เขต 3,ตําบลเปียงหลวง,อําเภอเวียงแหง,เชียงใหม่,50350
659,ปี 2568,7-50350-005,โรงเรียนเวียงแหงวิทยาคม,สํานักงานเขตพื้นที่การศึกษามัธยมศึกษาเชียงใหม่,ตําบลเมืองแหง,อําเภอเวียงแหง,เชียงใหม่,50350
660,ปี 2568,7-50350-006,โรงเรียนบ้านปางป๋อ,สํานักงานเขตพื้นที่การศึกษาประถมศึกษาเชียงใหม่ เขต 3,ตําบลแสนไห,อําเภอเวียงแหง,เชียงใหม่,50350
661,ปี 2568,7-50350-007,โรงเรียนบ้านม่วงป็อก,สํานักงานเขตพื้นที่การศึกษาประถมศึกษาเชียงใหม่ เขต 3,ตําบลแสนไห,อําเภอเวียงแหง,เชียงใหม่,50350
662,ปี 2569,7-50350-008,โรงเรียนรัฐราษฎร์อุปถัมภ์,สํานักงานเขตพื้นที่การศึกษาประถมศึกษาเชียงใหม่ เขต 3,ตําบลเปียงหลวง,อําเภอเวียงแหง,เชียงใหม่,50350
663,ปี 2553,7-50350-033/08-ตชด.,โรงเรียนตํารวจตระเวนชายแดน เบญจมะ 1,กองกํากับการตํารวจตระเวนชายแดนที่ 33,ตําบลเมืองแหง,อําเภอเวียงแหง,เชียงใหม่,50350
664,ปี 2557,7-50360-001,โรงเรียนบ้านกาดวิทยาคม,สํานักงานเขตพื้นที่การศึกษามัธยมศึกษาเชียงใหม่,ตําบลดอนเปา,อําเภอแม่วาง,เชียงใหม่,50360
665,ปี 2558,7-50360-002,โรงเรียนหลวงพัฒนาบ้านขุนวาง,สํานักงานเขตพื้นที่การศึกษาประถมศึกษาเชียงใหม่ เขต 4,ตําบลแม่วิน,อําเภอแม่วาง,เชียงใหม่,50360
666,ปี 2562,7-50360-003,โรงเรียนบ้านห้วยตอง,สํานักงานเขตพื้นที่การศึกษาประถมศึกษาเชียงใหม่ เขต 4,ตําบลแม่วิน,อําเภอแม่วาง,เชียงใหม่,50360
667,ปี 2568,7-50360-004,โรงเรียนพัฒนาต้นน้ำที่ 5 ขุนวาง,สํานักงานเขตพื้นที่การศึกษาประถมศึกษาเชียงใหม่ เขต 4,ตําบลแม่วิน,อําเภอแม่วาง,เชียงใหม่,50360
668,ปี 2562,7-50360-005,โรงเรียนเทศบาลวัดดอนเปา,กรมส่งเสริมการปกครองท้องถิ่น,ตําบลดอนเปา,อําเภอแม่วาง,เชียงใหม่,50360
669,ปี 2562,7-50360-006,ศูนย์ส่งเสริมการเรียนรู้ระดับอําเภอแม่วาง,สํานักงานส่งเสริมการเรียนรู้ประจําจังหวัดเชียงใหม่ (สกร.),ตําบลบ้านกาด,อําเภอแม่วาง,เชียงใหม่,50360
670,ปี 2567,7-50360-007,โรงเรียนบ้านกาด (เขมวังส์ราษฎร์รังสฤษฎิ์),สํานักงานเขตพื้นที่การศึกษาประถมศึกษาเชียงใหม่ เขต 4,ตําบลบ้านกาด,อําเภอแม่วาง,เชียงใหม่,50360
671,ปี 2568,7-50360-008,โรงเรียนสโมสรไลออนส์รัตนโกสินทร์,สํานักงานเขตพื้นที่การศึกษาประถมศึกษาเชียงใหม่ เขต 4,ตําบลแม่วิน,อําเภอแม่วาง,เชียงใหม่,50360
672,ปี 2562,7-58130-004,ศูนย์ส่งเสริมการเรียนรู้ระดับกัลยาณิวัฒนา,สํานักงานส่งเสริมการเรียนรู้ประจําจังหวัดเชียงใหม่ (สกร.),ตําบลบ้านจันทร์,อําเภอกัลยาณิวัฒนา,เชียงใหม่,58130
673,ปี 2568,7-58130-008,โรงเรียนมัธยมกัลยาณิวัฒนาเฉลิมพระเกียรติ,สํานักงานเขตพื้นที่การศึกษามัธยมศึกษาเชียงใหม่,ตําบลบ้านจันทร์,อําเภอกัลยาณิวัฒนา,เชียงใหม่,58130
674,ปี 2568,7-58130-009,โรงเรียนบ้านแจ่มหลวง,สํานักงานเขตพื้นที่การศึกษาประถมศึกษาเชียงใหม่ เขต 6,ตําบลแจ่มหลวง,อําเภอกัลยาณิวัฒนา,เชียงใหม่,58130
675,ปี 2568,7-58130-010,โรงเรียนบ้านจันทร์,สํานักงานเขตพื้นที่การศึกษาประถมศึกษาเชียงใหม่ เขต 6,ตําบลบ้านจันทร์,อําเภอกัลยาณิวัฒนา,เชียงใหม่,58130
676,ปี 2568,7-58130-011,โรงเรียนบ้านจันทร์ สาขาบ้านแจ่มน้อย,สํานักงานเขตพื้นที่การศึกษาประถมศึกษาเชียงใหม่ เขต 6,ตําบลบ้านจันทร์,อําเภอกัลยาณิวัฒนา,เชียงใหม่,58130
677,ปี 2568,7-58130-012,โรงเรียนบ้านแม่ตะละ,สํานักงานเขตพื้นที่การศึกษาประถมศึกษาเชียงใหม่ เขต 6,ตําบลแม่แดด,อําเภอกัลยาณิวัฒนา,เชียงใหม่,58130
678,ปี 2568,7-58130-013,โรงเรียนบ้านห้วยยา,สํานักงานเขตพื้นที่การศึกษาประถมศึกษาเชียงใหม่ เขต 6,ตําบลแจ่มหลวง,อําเภอกัลยาณิวัฒนา,เชียงใหม่,58130
679,ปี 2568,7-58130-014,โรงเรียนบ้านห้วยปู สาขาแม่ละใต้,สํานักงานเขตพื้นที่การศึกษาประถมศึกษาเชียงใหม่ เขต 6,ตําบลแม่แดด,อําเภอกัลยาณิวัฒนา,เชียงใหม่,58130
680,ปี 2568,7-58130-015,โรงเรียนบ้านขุนแม่รวม,สํานักงานเขตพื้นที่การศึกษาประถมศึกษาเชียงใหม่ เขต 6,ตําบลแจ่มหลวง,อําเภอกัลยาณิวัฒนา,เชียงใหม่,58130
681,ปี 2568,7-58130-016,โรงเรียนสามัคคีสันม่วง,สํานักงานเขตพื้นที่การศึกษาประถมศึกษาเชียงใหม่ เขต 5,ตําบลบ้านจันทร์,อําเภอกัลยาณิวัฒนา,เชียงใหม่,58130
682,ปี 2568,7-58130-017,โรงเรียนบ้านแม่ตะละเหนือ,สํานักงานเขตพื้นที่การศึกษาประถมศึกษาเชียงใหม่ เขต 6,ตําบลแม่แดด,อําเภอกัลยาณิวัฒนา,เชียงใหม่,58130
683,ปี 2568,7-58130-019,โรงเรียนบ้านห้วยปู,สํานักงานเขตพื้นที่การศึกษาประถมศึกษาเชียงใหม่ เขต 6,ตําบลแม่แดด,อําเภอกัลยาณิวัฒนา,เชียงใหม่,58130
684,ปี 2568,7-58130-020,โรงเรียนบ้านแม่แดดน้อย สาขาดงสามหมื่น,สํานักงานเขตพื้นที่การศึกษาประถมศึกษาเชียงใหม่ เขต 6,ตําบลแม่แดด,อําเภอกัลยาณิวัฒนา,เชียงใหม่,58130
685,ปี 2568,7-58130-021,โรงเรียนบ้านแม่แดดน้อย,สํานักงานเขตพื้นที่การศึกษาประถมศึกษาเชียงใหม่ เขต 6,ตําบลแม่แดด,อําเภอกัลยาณิวัฒนา,เชียงใหม่,58130
